Player,PLAYER_ID,Averages 25+ PPG?,Averages 20+ PPG?,Averages 15+ PPG?,Averages 10+ PPG?,Averages 10+ RPG?,Averages 5+ RPG?,Averages 7+ APG?,Averages 4+ APG?,Averages 1.5+ SPG?,Averages 1+ SPG?,Averages 1.5+ BPG?,Averages 1+ BPG?,Averages 3+ 3PM?,Averages 1+ 3PM?,Averages 30+ min per game?,Averages 20+ min per game?,Shoots 50%+ from the field?,Shoots 35%+ from three?,Shoots 80%+ from the line?,Averages 3+ offensive rebounds?,Averages 3+ turnovers?,Played 50+ games this season?,Played 70+ games this season?,Plays in the Eastern Conference?,Plays in the Western Conference?,Plays in the Atlantic Division?,Plays in the Central Division?,Plays in the Southeast Division?,Plays in the Northwest Division?,Plays in the Pacific Division?,Plays in the Southwest Division?,Is his jersey number less than 10?,Is his jersey number between 10 and 19?,Is his jersey number between 20 and 29?,Is his jersey number 30 or higher?,Is his jersey number an odd number?,Is he from the United States?,Is he from Europe?,Is he from Africa?,Is he from Canada?,Is he from Australia?,Is he from South America?,Did he play college basketball?,MPG,Is he 25 or younger?,Is he 30 or older?,Is he 6-8 or taller?,Is he 7 feet or taller?,Was he a first-round pick?,Was he a lottery pick (top 14)?,Was he undrafted?,Averages 5+ APG?,Averages 8+ RPG?,Shoots 40%+ from three?,Does his last name start with A-M?,Does his first name start with A-M?,Does his last name have more than 6 letters?,Does his first name end in a vowel?,Has he been an All-Star?,Has he been an All-Star 3+ times?,Has he won an NBA Championship?,Has he been All-NBA?,Has he won the MVP award?,Has he won Defensive Player of the Year?,Has he made an All-Defensive Team?
A.J. Lawson,1630639,0,0,0,0,0,0,0,0,0,0,0,0,0,0,0,0,0,1,0,0,0,0,0,1,0,1,0,0,0,0,0,1,0,0,0,0,0,0,0,1,0,0,1,9.42,1,0,0,0,0,0,1,0,0,1,1,1,0,0,0,0,0,0,0,0,0
AJ Green,1631260,0,0,0,1,0,0,0,0,0,0,0,0,0,1,0,1,0,1,1,0,0,1,1,1,0,0,1,0,0,0,0,0,0,1,0,0,1,0,0,0,0,0,1,29.1,0,0,0,0,0,0,1,0,0,1,1,1,0,0,0,0,0,0,0,0,0
AJ Johnson,1642358,0,0,0,0,0,0,0,0,0,0,0,0,0,0,0,0,0,0,1,0,0,0,0,0,1,0,0,0,0,0,1,1,0,0,0,0,1,0,0,0,0,0,1,9.45,1,0,0,0,0,0,0,0,0,0,1,1,1,0,0,0,0,0,0,0,0
Aaron Gordon,203932,0,0,1,1,0,1,0,0,0,0,0,0,0,1,0,1,0,1,0,0,0,0,0,0,1,0,0,0,1,0,0,0,0,0,1,0,1,0,0,0,0,0,1,27.92,0,1,1,0,0,0,0,0,0,0,1,1,0,0,0,0,1,0,0,0,0
Aaron Holiday,1628988,0,0,0,0,0,0,0,0,0,0,0,0,0,1,0,0,0,1,1,0,0,1,0,0,1,0,0,0,0,0,1,1,0,0,0,0,1,0,0,0,0,0,1,13.7,0,0,0,0,0,0,0,0,0,0,1,1,1,0,0,0,0,0,0,0,0
Aaron Nesmith,1630174,0,0,0,1,0,0,0,0,0,0,0,0,0,1,0,1,0,1,1,0,0,0,0,1,0,0,1,0,0,0,0,0,0,1,0,1,1,0,0,0,0,0,1,29.67,0,0,0,0,0,0,0,0,0,0,0,1,1,0,0,0,0,0,0,0,0
Aaron Wiggins,1630598,0,0,0,0,0,0,0,0,0,0,0,0,0,1,0,1,0,1,0,0,0,1,0,0,1,0,0,0,1,0,0,0,0,1,0,1,1,0,0,0,0,0,1,21.75,0,0,0,0,0,0,0,0,0,0,0,1,1,0,0,0,1,0,0,0,0
Ace Bailey,1642846,0,0,0,1,0,0,0,0,0,0,0,0,0,1,0,1,0,0,0,0,0,1,1,0,1,0,0,0,1,0,0,0,1,0,0,1,1,0,0,0,0,0,1,27.61,1,0,1,0,0,0,0,0,0,0,1,1,0,1,0,0,0,0,0,0,0
Adama Bal,1642380,0,0,0,1,0,0,0,0,0,1,0,0,0,1,1,1,0,1,1,0,0,0,0,0,1,0,0,0,0,0,1,0,0,0,0,0,0,1,0,0,0,0,1,30.16,1,0,0,0,0,0,1,0,0,1,1,1,0,1,0,0,0,0,0,0,0
Adem Bona,1641737,0,0,0,0,0,0,0,0,0,0,0,1,0,0,0,0,1,0,0,0,0,1,1,1,0,1,0,0,0,0,0,0,0,0,1,0,0,0,1,0,0,0,1,17.38,1,0,1,0,0,0,0,0,0,0,1,1,0,0,0,0,0,0,0,0,0
Adou Thiero,1642876,0,0,0,0,0,0,0,0,0,0,0,0,0,0,0,0,1,0,0,0,0,0,0,0,1,0,0,0,0,1,0,1,0,0,0,1,1,0,0,0,0,0,1,5.96,1,0,0,0,0,0,0,0,0,0,0,1,0,1,0,0,0,0,0,0,0
Ajay Mitchell,1642349,0,0,0,1,0,0,0,0,0,1,0,0,0,1,0,1,0,0,1,0,0,1,0,0,1,0,0,0,1,0,0,0,0,1,0,1,0,1,0,0,0,0,1,25.84,1,0,0,0,0,0,0,0,0,0,1,1,1,0,0,0,1,0,0,0,0
Al Horford,201143,0,0,0,0,0,0,0,0,0,0,0,1,0,1,0,1,0,1,1,0,0,0,0,0,1,0,0,0,0,1,0,0,0,1,0,0,0,0,0,0,0,0,1,21.54,0,1,1,0,0,0,0,0,0,0,1,1,1,0,0,0,1,1,0,0,1
Alex Antetokounmpo,1630828,0,0,0,0,0,0,0,0,0,0,0,0,0,0,0,0,0,0,0,0,0,0,0,1,0,0,1,0,0,0,0,0,0,1,0,1,0,1,0,0,0,0,0,3.44,1,0,1,0,0,0,1,0,0,0,1,1,1,0,0,0,0,0,0,0,0
Alex Caruso,1627936,0,0,0,0,0,0,0,0,0,1,0,0,0,0,0,0,0,0,1,0,0,1,0,0,1,0,0,0,1,0,0,1,0,0,0,1,1,0,0,0,0,0,1,18.22,0,1,0,0,0,0,1,0,0,0,1,1,0,0,0,0,1,0,0,0,1
Alex Morales,1631457,0,0,0,0,0,0,0,0,0,0,0,0,0,0,0,0,0,0,1,0,0,0,0,1,0,0,0,1,0,0,0,0,0,0,0,0,1,0,0,0,0,0,1,5.9,0,0,0,0,0,0,1,0,0,0,1,1,1,0,0,0,0,0,0,0,0
Alex Sarr,1642259,0,0,1,1,0,1,0,0,0,0,1,1,0,1,0,1,0,0,0,0,0,0,0,1,0,0,0,1,0,0,0,0,0,1,0,0,0,1,0,0,0,0,1,27.18,1,0,1,1,0,0,0,0,0,0,0,1,0,0,0,0,0,0,0,0,0
Alijah Martin,1642918,0,0,0,0,0,0,0,0,0,0,0,0,0,0,0,0,0,0,0,0,0,0,0,1,0,1,0,0,0,0,0,0,0,0,1,1,1,0,0,0,0,0,1,6.33,1,0,0,0,0,0,0,0,0,0,1,1,0,0,0,0,0,0,0,0,0
Alondes Williams,1631214,0,0,0,1,0,1,0,0,0,0,0,0,0,1,0,1,1,1,1,0,0,0,0,1,0,0,0,1,0,0,0,0,0,0,0,0,1,0,0,0,0,0,1,25.2,0,0,0,0,0,0,1,0,0,0,0,1,1,0,0,0,0,0,0,0,0
Alperen Sengun,1630578,0,1,1,1,0,1,0,1,0,1,0,1,0,0,1,1,1,0,0,0,1,1,1,0,1,0,0,0,0,0,1,0,0,1,0,0,0,1,0,0,0,0,1,33.3,1,0,1,0,0,0,0,1,1,0,0,1,0,0,0,0,0,0,0,0,0
Amari Williams,1642873,0,0,0,0,0,0,0,0,0,0,0,0,0,0,0,0,1,0,0,0,0,0,0,1,0,1,0,0,0,0,0,0,0,0,1,1,0,0,0,0,0,0,1,6.62,1,0,1,0,0,0,0,0,0,0,0,1,1,1,0,0,0,0,0,0,0
Amen Thompson,1641708,0,0,1,1,0,1,0,1,1,1,0,0,0,0,1,1,1,0,0,0,0,1,1,0,1,0,0,0,0,0,1,1,0,0,0,1,1,0,0,0,0,0,1,37.38,1,0,0,0,0,0,0,1,0,0,0,1,1,0,0,0,0,0,0,0,1
Amir Coffey,1629599,0,0,0,0,0,0,0,0,0,0,0,0,0,0,0,0,0,0,0,0,0,0,0,0,1,0,0,0,0,1,0,1,0,0,0,0,1,0,0,0,0,0,1,10.66,0,0,0,0,0,0,1,0,0,0,1,1,0,0,0,0,0,0,0,0,0
Andersson Garcia,1643158,0,0,0,0,0,1,0,0,1,1,0,0,0,0,1,1,0,0,0,1,0,0,0,0,1,0,0,0,1,0,0,0,0,0,0,0,0,0,0,0,0,0,1,33.75,1,0,0,0,0,0,1,0,1,0,1,1,0,0,0,0,0,0,0,0,0
Andre Drummond,203083,0,0,0,0,0,1,0,0,0,0,0,0,0,0,0,0,0,1,0,1,0,1,0,1,0,1,0,0,0,0,0,1,0,0,0,1,1,0,0,0,0,0,1,19.54,0,1,1,0,0,0,0,0,1,0,1,1,1,1,0,0,0,1,0,0,0
Andre Jackson Jr.,1641748,0,0,0,0,0,0,0,0,0,0,0,0,0,0,0,0,0,0,0,0,0,0,0,1,0,0,1,0,0,0,0,0,0,0,1,0,1,0,0,0,0,0,1,8.5,1,0,0,0,0,0,0,0,0,0,1,1,0,1,0,0,0,0,0,0,0
Andrew Nembhard,1629614,0,0,1,1,0,0,1,1,0,0,0,0,0,1,1,1,0,1,1,0,0,1,0,1,0,0,1,0,0,0,0,1,0,0,0,0,0,0,0,1,0,0,1,31.33,0,0,0,0,0,0,0,1,0,0,0,1,1,0,0,0,0,0,0,0,0
Andrew Wiggins,203952,0,0,1,1,0,0,0,0,0,1,0,1,0,1,1,1,0,1,0,0,0,1,0,1,0,0,0,1,0,0,0,0,0,1,0,0,0,0,0,1,0,0,1,30.33,0,1,0,0,0,0,0,0,0,1,0,1,1,0,0,0,1,0,0,0,0
Anfernee Simons,1629014,0,0,0,1,0,0,0,0,0,0,0,0,0,1,0,1,0,1,1,0,0,1,0,1,0,0,1,0,0,0,0,0,0,1,0,0,1,0,0,0,0,0,1,24.94,0,0,0,0,0,0,0,0,0,0,0,1,0,1,0,0,0,0,0,0,0
Anthony Black,1641710,0,0,0,1,0,0,0,0,0,1,0,0,0,1,0,1,0,0,0,0,0,1,0,1,0,0,0,1,0,0,0,1,0,0,0,0,1,0,0,0,0,0,1,29.84,1,0,0,0,0,0,0,0,0,0,1,1,0,0,0,0,0,0,0,0,0
Anthony Davis,203076,0,1,1,1,1,1,0,0,0,1,1,1,0,0,1,1,1,0,0,1,0,0,0,1,0,0,0,1,0,0,0,0,0,1,0,1,1,0,0,0,0,0,1,31.28,0,1,1,0,0,0,0,0,1,0,1,1,0,0,0,0,1,1,0,0,1
Anthony Edwards,1630162,1,1,1,1,0,0,0,0,0,1,0,0,1,1,1,1,0,1,0,0,0,1,0,0,1,0,0,0,1,0,0,1,0,0,0,1,1,0,0,0,0,0,1,35.03,1,0,0,0,0,0,0,0,0,0,1,1,1,0,0,0,0,1,0,0,0
Anthony Gill,1630264,0,0,0,0,0,0,0,0,0,0,0,0,0,0,0,0,1,1,0,0,0,1,0,1,0,0,0,1,0,0,0,0,1,0,0,0,1,0,0,0,0,0,1,17.29,0,1,0,0,0,0,1,0,0,0,1,1,0,0,0,0,0,0,0,0,0
Antonio Reeves,1641810,0,0,0,0,0,0,0,0,0,0,0,0,0,0,0,0,1,1,0,0,0,0,0,1,0,0,0,1,0,0,0,0,1,0,0,0,1,0,0,0,0,0,1,6.77,1,0,0,0,0,0,0,0,0,1,0,1,0,1,0,0,0,0,0,0,0
Ariel Hukporti,1630574,0,0,0,0,0,0,0,0,0,0,0,0,0,0,0,0,1,0,0,0,0,1,0,1,0,1,0,0,0,0,0,0,0,0,1,1,0,1,0,0,0,0,1,9.22,1,0,1,1,0,0,0,0,0,0,1,1,1,0,0,0,0,0,0,0,0
Asa Newell,1642854,0,0,0,0,0,0,0,0,0,0,0,0,0,0,0,0,1,1,0,0,0,0,0,1,0,0,0,1,0,0,0,0,1,0,0,0,1,0,0,0,0,0,1,11.36,1,0,1,0,0,0,0,0,0,0,0,1,0,1,0,0,0,0,0,0,0
Ausar Thompson,1641709,0,0,0,0,0,1,0,0,1,1,0,0,0,0,0,1,1,0,0,0,0,1,1,1,0,0,1,0,0,0,0,1,0,0,0,1,1,0,0,0,0,0,1,25.97,1,0,0,0,0,0,0,0,0,0,0,1,1,0,0,0,0,0,0,0,0
Austin Reaves,1630559,0,1,1,1,0,0,0,1,0,1,0,0,0,1,1,1,0,1,1,0,0,1,0,0,1,0,0,0,0,1,0,0,1,0,0,1,1,0,0,0,0,0,1,34.54,0,0,0,0,0,0,1,1,0,0,0,1,0,0,0,0,0,0,0,0,0
Ayo Dosunmu,1630245,0,0,0,1,0,0,0,0,0,0,0,0,0,1,0,1,1,1,1,0,0,1,0,0,1,0,0,0,1,0,0,0,1,0,0,1,1,0,0,0,0,0,1,27.26,0,0,0,0,0,0,0,0,0,1,1,1,1,1,0,0,0,0,0,0,0
Bam Adebayo,1628389,0,1,1,1,1,1,0,0,0,1,0,0,0,1,1,1,0,0,0,0,0,1,1,1,0,0,0,1,0,0,0,0,1,0,0,1,1,0,0,0,0,0,1,32.39,0,0,1,0,0,0,0,0,1,0,1,1,1,0,0,0,0,0,0,0,1
Baylor Scheierman,1631248,0,0,0,0,0,0,0,0,0,0,0,0,0,1,0,0,0,1,1,0,0,1,1,1,0,1,0,0,0,0,0,0,0,0,1,1,1,0,0,0,0,0,1,18.56,1,0,0,0,0,0,0,0,0,0,0,1,1,0,0,0,0,0,0,0,0
Ben Saraf,1642879,0,0,0,0,0,0,0,0,0,0,0,0,0,0,0,1,0,0,1,0,0,0,0,1,0,1,0,0,0,0,0,0,0,0,1,1,0,0,0,0,0,0,1,20.83,1,0,0,0,0,0,0,0,0,0,0,1,0,0,0,0,0,0,0,0,0
Ben Sheppard,1641767,0,0,0,0,0,0,0,0,0,0,0,0,0,1,0,1,0,1,0,0,0,1,0,1,0,0,1,0,0,0,0,0,0,1,0,0,1,0,0,0,0,0,1,21.39,1,0,0,0,0,0,0,0,0,0,0,1,1,0,0,0,0,0,0,0,0
Bennedict Mathurin,1631097,0,0,1,1,0,1,0,0,0,0,0,0,0,1,1,1,0,0,1,0,0,1,0,0,1,0,0,0,0,1,0,1,0,0,0,1,0,0,0,1,0,0,1,30.0,1,0,0,0,0,0,0,0,0,0,1,1,1,0,0,0,0,0,0,0,0
Bez Mbeng,1643016,0,0,0,0,0,0,0,1,1,1,0,0,0,0,1,1,1,0,0,0,0,0,0,0,1,0,0,0,1,0,0,0,0,1,0,1,1,0,0,0,0,0,1,32.81,1,0,0,0,0,0,1,0,0,0,1,1,0,0,0,0,0,0,0,0,0
Bilal Coulibaly,1641731,0,0,0,1,0,0,0,0,0,1,0,0,0,1,0,1,0,0,0,0,0,1,0,1,0,0,0,1,0,0,0,1,0,0,0,0,0,1,0,0,0,0,1,26.21,1,0,0,0,0,0,0,0,0,0,1,1,1,0,0,0,0,0,0,0,0
Bismack Biyombo,202687,0,0,0,0,0,0,0,0,0,0,0,0,0,0,0,0,1,0,0,0,0,0,0,0,1,0,0,0,0,0,1,0,1,0,0,0,0,0,0,0,0,0,1,5.65,0,1,1,0,0,0,0,0,0,0,1,1,1,0,0,0,0,0,0,0,0
Blake Hinson,1642396,0,0,0,1,0,0,0,0,0,0,0,0,0,1,0,1,1,1,0,0,0,0,0,0,1,0,0,0,1,0,0,1,0,0,0,0,1,0,0,0,0,0,1,20.39,0,0,1,0,0,0,1,0,0,1,1,1,0,1,0,0,0,0,0,0,0
Blake Wesley,1631104,0,0,0,0,0,0,0,0,0,0,0,0,0,0,0,0,0,0,0,0,0,0,0,0,1,0,0,0,1,0,0,1,0,0,0,1,1,0,0,0,0,0,1,11.64,1,0,0,0,0,0,0,0,0,0,0,1,0,1,0,0,0,0,0,0,0
Bobby Portis,1626171,0,0,0,1,0,1,0,0,0,0,0,0,0,1,0,1,0,1,0,0,0,1,0,1,0,0,1,0,0,0,0,1,0,0,0,1,1,0,0,0,0,0,1,24.17,0,1,1,0,0,0,0,0,0,1,0,1,0,0,0,0,1,0,0,0,0
Bobi Klintman,1641752,0,0,0,0,0,0,0,0,0,0,0,0,0,0,0,0,0,0,0,0,0,0,0,1,0,0,1,0,0,0,0,0,0,0,0,0,0,1,0,0,0,0,1,5.95,1,0,1,0,0,0,0,0,0,0,1,1,1,1,0,0,0,0,0,0,0
Bogdan Bogdanović,203992,0,0,0,0,0,0,0,0,0,0,0,0,0,1,0,0,0,0,1,0,0,0,0,0,1,0,0,0,0,1,0,1,0,0,0,1,0,1,0,0,0,0,1,19.65,0,1,0,0,0,0,0,0,0,0,1,1,1,0,0,0,0,0,0,0,0
Bones Hyland,1630538,0,0,0,0,0,0,0,0,0,0,0,0,0,1,0,0,0,1,0,0,0,1,1,0,1,0,0,0,1,0,0,1,0,0,0,0,1,0,0,0,0,0,1,16.58,1,0,0,0,0,0,0,0,0,0,1,1,0,0,0,0,0,0,0,0,0
Bradley Beal,203078,0,0,0,0,0,0,0,0,0,0,0,0,0,1,0,1,0,1,0,0,0,0,0,0,1,0,0,0,0,1,0,1,0,0,0,0,1,0,0,0,0,0,1,20.15,0,1,0,0,0,0,0,0,0,0,1,1,0,0,0,0,0,1,0,0,0
Branden Carlson,1642382,0,0,0,0,0,0,0,0,0,0,0,0,0,0,0,0,1,1,0,0,0,0,0,0,1,0,0,0,1,0,0,0,1,0,0,1,1,0,0,0,0,0,1,11.62,0,0,1,1,0,0,1,0,0,0,1,1,1,0,0,0,1,0,0,0,0
Brandin Podziemski,1641764,0,0,0,1,0,1,0,0,0,1,0,0,0,1,0,1,0,1,0,0,0,1,1,0,1,0,0,0,0,1,0,1,0,0,0,0,1,0,0,0,0,0,1,28.45,1,0,0,0,0,0,0,0,0,0,0,1,1,0,0,0,0,0,0,0,0
Brandon Clarke,1629634,0,0,0,0,0,0,0,0,0,1,0,0,0,0,0,0,0,0,0,0,0,0,0,0,1,0,0,0,0,0,1,0,1,0,0,1,0,0,0,1,0,0,1,10.22,0,0,1,0,0,0,0,0,0,0,1,1,0,0,0,0,0,0,0,0,0
Brandon Ingram,1627742,0,1,1,1,0,1,0,0,0,0,0,0,0,1,1,1,0,1,1,0,0,1,1,1,0,1,0,0,0,0,0,1,0,0,0,1,1,0,0,0,0,0,1,33.82,0,0,1,0,0,0,0,0,0,0,1,1,0,0,0,0,0,0,0,0,0
Brandon Miller,1641706,0,1,1,1,0,0,0,0,0,1,0,0,1,1,1,1,0,1,1,0,0,1,0,1,0,0,0,1,0,0,0,0,0,1,0,0,1,0,0,0,0,0,1,30.28,1,0,0,0,0,0,0,0,0,0,1,1,0,0,0,0,0,0,0,0,0
Brandon Williams,1630314,0,0,0,1,0,0,0,0,0,0,0,0,0,0,0,1,0,0,0,0,0,1,0,0,1,0,0,0,0,0,1,0,1,0,0,0,1,0,0,0,0,0,1,22.16,0,0,0,0,0,0,1,0,0,0,0,1,1,0,0,0,0,0,0,0,0
Brice Sensabaugh,1641729,0,0,0,1,0,0,0,0,0,0,0,0,0,1,0,1,0,1,1,0,0,1,1,0,1,0,0,0,1,0,0,0,0,1,0,0,1,0,0,0,0,0,1,23.49,1,0,0,0,0,0,0,0,0,0,0,1,1,1,0,0,0,0,0,0,0
Bronny James,1642355,0,0,0,0,0,0,0,0,0,0,0,0,0,0,0,0,0,1,1,0,0,0,0,0,1,0,0,0,0,1,0,1,0,0,0,1,1,0,0,0,0,0,1,8.94,1,0,0,0,0,0,0,0,0,0,1,1,0,0,0,0,0,0,0,0,0
Brook Lopez,201572,0,0,0,0,0,0,0,0,0,0,0,1,0,1,0,1,0,1,0,0,0,1,1,0,1,0,0,0,0,1,0,0,1,0,0,1,1,0,0,0,0,0,1,21.8,0,1,1,1,0,0,0,0,0,0,1,1,0,0,0,0,1,0,0,0,1
Brooks Barnhizer,1642964,0,0,0,0,0,0,0,0,0,0,0,0,0,0,0,0,0,0,0,0,0,0,0,0,1,0,0,0,1,0,0,0,0,1,0,1,1,0,0,0,0,0,1,8.7,1,0,0,0,0,0,0,0,0,0,1,1,1,0,0,0,0,0,0,0,0
Bruce Brown,1628971,0,0,0,0,0,0,0,0,0,1,0,0,0,0,0,1,0,1,0,0,0,1,1,0,1,0,0,0,1,0,0,0,1,0,0,1,1,0,0,0,0,0,1,24.36,0,0,0,0,0,0,0,0,0,0,1,1,0,1,0,0,1,0,0,0,0
Bryce McGowens,1631121,0,0,0,0,0,0,0,0,0,0,0,0,0,0,0,1,0,1,0,0,0,0,0,0,1,0,0,0,0,0,1,0,1,0,0,1,1,0,0,0,0,0,1,20.95,1,0,0,0,0,0,0,0,0,1,1,1,1,1,0,0,0,0,0,0,0
Bub Carrington,1642267,0,0,0,1,0,0,0,1,0,0,0,0,0,1,0,1,0,1,0,0,0,1,1,1,0,0,0,1,0,0,0,1,0,0,0,1,1,0,0,0,0,0,1,27.69,1,0,0,0,0,0,0,0,0,1,1,1,1,0,0,0,0,0,0,0,0
Buddy Boeheim,1631205,0,0,0,0,0,0,0,0,0,0,0,0,0,0,0,0,0,0,0,0,0,0,0,0,1,0,0,0,1,0,0,0,0,0,0,0,1,0,0,0,0,0,1,3.75,0,0,0,0,0,0,1,0,0,0,1,1,1,0,0,0,0,0,0,0,0
Buddy Hield,1627741,0,0,0,0,0,0,0,0,0,0,0,0,0,1,0,0,0,0,1,0,0,1,0,1,0,0,0,1,0,0,0,1,0,0,0,0,0,0,0,0,0,0,1,16.06,0,1,0,0,0,0,0,0,0,0,1,1,0,0,0,0,0,0,0,0,0
CJ Huntley,1643047,0,0,0,0,0,0,0,0,0,0,0,0,0,0,0,0,1,0,0,0,0,0,0,0,1,0,0,0,0,1,0,0,0,1,0,0,1,0,0,0,0,0,1,10.1,1,0,1,0,0,0,1,0,0,0,1,1,1,0,0,0,0,0,0,0,0
CJ McCollum,203468,0,0,1,1,0,0,0,0,0,0,0,0,0,1,0,1,0,1,0,0,0,1,1,1,0,0,0,1,0,0,0,1,0,0,0,1,1,0,0,0,0,0,1,29.78,0,1,0,0,0,0,0,0,0,0,1,1,1,0,0,0,0,0,0,0,0
Cade Cunningham,1630595,0,1,1,1,0,1,1,1,0,1,0,0,0,1,1,1,0,0,1,0,1,1,0,1,0,0,1,0,0,0,0,1,0,0,0,0,1,0,0,0,0,0,1,33.93,1,0,0,0,0,0,0,1,0,0,1,1,1,1,0,0,0,1,0,0,0
Caleb Houstan,1631216,0,0,0,0,0,0,0,0,0,0,0,0,0,0,0,0,1,1,1,0,0,0,0,1,0,0,0,1,0,0,0,0,0,0,0,0,0,0,0,1,0,0,1,4.19,1,0,1,0,0,0,0,0,0,1,1,1,1,0,0,0,0,0,0,0,0
Caleb Love,1631126,0,0,0,1,0,0,0,0,0,0,0,0,0,1,0,1,0,0,0,0,0,0,0,0,1,0,0,0,1,0,0,1,0,0,0,0,1,0,0,0,0,0,1,20.67,1,0,0,0,0,0,1,0,0,0,1,1,0,0,0,0,0,0,0,0,0
Caleb Martin,1628997,0,0,0,0,0,0,0,0,0,0,0,0,0,0,0,0,0,1,0,0,0,1,0,0,1,0,0,0,0,0,1,0,1,0,0,0,1,0,0,0,0,0,1,14.76,0,1,0,0,0,0,1,0,0,0,1,1,0,0,0,0,0,0,0,0,0
Cam Christie,1642353,0,0,0,0,0,0,0,0,0,0,0,0,0,0,0,0,0,0,0,0,0,1,0,0,1,0,0,0,0,1,0,0,1,0,0,0,1,0,0,0,0,0,1,8.72,1,0,0,0,0,0,0,0,0,0,1,1,1,0,0,0,0,0,0,0,0
Cam Spencer,1642285,0,0,0,1,0,0,0,1,0,0,0,0,0,1,0,1,0,1,1,0,0,1,1,0,1,0,0,0,0,0,1,0,0,1,0,0,1,0,0,0,0,0,1,23.81,0,0,0,0,0,0,0,1,0,1,0,1,1,0,0,0,0,0,0,0,0
Cam Thomas,1630560,0,0,0,1,0,0,0,0,0,0,0,0,0,1,0,1,0,0,1,0,0,0,0,1,0,0,1,0,0,0,0,0,0,0,0,0,0,0,0,0,0,0,1,20.96,1,0,0,0,0,0,0,0,0,0,0,1,0,0,0,0,0,0,0,0,0
Cam Whitmore,1641715,0,0,0,0,0,0,0,0,0,0,0,0,0,0,0,0,0,0,0,0,0,0,0,1,0,0,0,1,0,0,0,1,0,0,0,1,1,0,0,0,0,0,1,16.86,1,0,0,0,0,0,0,0,0,0,0,1,1,0,0,0,0,0,0,0,0
Cameron Johnson,1629661,0,0,0,1,0,0,0,0,0,0,0,0,0,1,1,1,0,1,1,0,0,1,0,0,1,0,0,0,1,0,0,0,0,1,0,1,1,0,0,0,0,0,1,30.5,0,1,1,0,0,0,0,0,0,1,1,1,1,0,0,0,0,0,0,0,0
Cameron Payne,1626166,0,0,0,0,0,0,0,0,0,1,0,0,0,1,0,0,0,0,1,0,0,0,0,1,0,1,0,0,0,0,0,0,0,0,0,0,1,0,0,0,0,0,1,17.02,0,1,0,0,0,0,0,0,0,0,0,1,0,0,0,0,0,0,0,0,0
Caris LeVert,1627747,0,0,0,0,0,0,0,0,0,0,0,0,0,1,0,0,0,0,0,0,0,1,0,1,0,0,1,0,0,0,0,1,0,0,0,0,1,0,0,0,0,0,1,19.24,0,1,0,0,0,0,0,0,0,0,1,1,0,0,0,0,0,0,0,0,0
Carter Bryant,1642868,0,0,0,0,0,0,0,0,0,0,0,0,0,0,0,0,0,0,0,0,0,1,1,0,1,0,0,0,0,0,1,0,1,0,0,1,1,0,0,0,0,0,1,11.52,1,0,0,0,0,0,0,0,0,0,1,1,0,0,0,0,0,0,0,0,0
Cason Wallace,1641717,0,0,0,0,0,0,0,0,1,1,0,0,0,1,0,1,0,1,1,0,0,1,1,0,1,0,0,0,1,0,0,0,0,1,0,0,1,0,0,0,0,0,1,26.57,1,0,0,0,0,0,0,0,0,0,0,1,1,0,0,0,1,0,0,0,0
Cedric Coward,1642907,0,0,0,1,0,1,0,0,0,0,0,0,0,1,0,1,0,0,1,0,0,1,0,0,1,0,0,0,0,0,1,0,0,1,0,1,1,0,0,0,0,0,1,25.77,1,0,0,0,0,0,0,0,0,0,1,1,0,0,0,0,0,0,0,0,0
Chaney Johnson,1643052,0,0,0,0,0,0,0,0,0,0,0,0,0,0,0,1,1,0,1,0,0,0,0,1,0,1,0,0,0,0,0,0,0,0,1,1,1,0,0,0,0,0,1,20.45,1,0,0,0,0,0,1,0,0,0,1,1,1,0,0,0,0,0,0,0,0
Charles Bassey,1629646,0,0,0,0,0,0,0,0,0,0,0,0,0,0,0,0,1,0,0,0,0,0,0,0,1,0,0,0,0,1,0,0,0,1,0,0,0,0,1,0,0,0,1,11.75,1,0,1,0,0,0,0,0,0,0,1,1,0,0,0,0,0,0,0,0,0
Chaz Lanier,1642404,0,0,0,0,0,0,0,0,0,0,0,0,0,0,0,0,0,0,1,0,0,0,0,1,0,0,1,0,0,0,0,0,0,1,0,0,1,0,0,0,0,0,1,7.71,1,0,0,0,0,0,0,0,0,0,1,1,0,0,0,0,0,0,0,0,0
Chet Holmgren,1631096,0,0,1,1,0,1,0,0,0,0,1,1,0,1,0,1,1,1,0,0,0,1,0,0,1,0,0,0,1,0,0,1,0,0,0,1,1,0,0,0,0,0,1,28.95,1,0,1,1,0,0,0,0,1,0,1,1,1,0,0,0,1,0,0,0,0
Chris Boucher,1628449,0,0,0,0,0,0,0,0,0,0,0,0,0,0,0,0,0,0,0,0,0,0,0,1,0,1,0,0,0,0,0,0,0,0,0,0,0,0,0,0,0,0,1,10.46,0,1,1,0,0,0,1,0,0,0,1,1,1,0,0,0,1,0,0,0,0
Chris Livingston,1641753,0,0,0,0,0,0,0,0,0,0,0,0,0,0,0,0,1,0,1,0,0,0,0,1,0,0,1,0,0,0,0,0,0,0,0,0,1,0,0,0,0,0,1,5.81,1,0,0,0,0,0,0,0,0,0,1,1,1,0,0,0,0,0,0,0,0
Chris Mañon,1643024,0,0,0,0,0,0,0,0,0,0,0,0,0,0,0,0,0,0,0,0,0,0,0,0,1,0,0,0,0,1,0,0,0,0,1,0,1,0,0,0,0,0,1,5.12,1,0,0,0,0,0,1,0,0,0,1,1,0,0,0,0,0,0,0,0,0
Chris Paul,101108,0,0,0,0,0,0,0,0,0,0,0,0,0,0,0,0,0,0,0,0,0,0,0,0,1,0,0,0,0,1,0,0,0,0,0,0,1,0,0,0,0,0,1,14.22,0,1,0,0,0,0,0,0,0,0,0,1,0,0,0,0,0,1,0,0,1
Chris Youngblood,1642959,0,0,0,0,0,0,0,0,0,0,0,0,0,0,0,0,0,0,1,0,0,0,0,0,1,0,0,0,1,0,0,1,0,0,0,1,1,0,0,0,0,0,1,5.44,1,0,0,0,0,0,1,0,0,0,0,1,1,0,0,0,0,0,0,0,0
Christian Braun,1631128,0,0,0,1,0,0,0,0,0,0,0,0,0,0,1,1,1,0,0,0,0,0,0,0,1,0,0,0,1,0,0,1,0,0,0,0,1,0,0,0,0,0,1,31.8,1,0,0,0,0,0,0,0,0,0,1,1,0,0,0,0,1,0,0,0,0
Christian Koloko,1631132,0,0,0,0,0,0,0,0,0,0,0,0,0,0,0,0,0,0,0,0,0,0,0,1,0,0,0,1,0,0,0,0,1,0,0,0,0,0,1,0,0,0,1,13.21,1,0,1,0,0,0,0,0,0,0,1,1,0,0,0,0,0,0,0,0,0
Chucky Hepburn,1642935,0,0,0,0,0,0,0,0,0,0,0,0,0,0,0,0,0,0,0,0,0,0,0,1,0,1,0,0,0,0,0,0,0,1,0,0,1,0,0,0,0,0,1,6.62,1,0,0,0,0,0,1,0,0,0,1,1,1,0,0,0,0,0,0,0,0
Clint Capela,203991,0,0,0,0,0,0,0,0,0,0,0,0,0,0,0,0,1,1,0,0,0,1,1,0,1,0,0,0,0,0,1,0,0,0,1,0,0,1,0,0,0,0,1,12.34,0,1,1,0,0,0,0,0,0,1,1,1,0,0,0,0,0,0,0,0,0
Coby White,1629632,0,0,1,1,0,0,0,1,0,0,0,0,0,1,0,1,0,1,1,0,0,1,0,1,0,0,0,1,0,0,0,1,0,0,0,1,1,0,0,0,0,0,1,25.0,0,0,0,0,0,0,0,0,0,0,0,1,0,0,0,0,0,0,0,0,0
Cody Martin,1628998,0,0,0,0,0,0,0,0,0,1,0,0,0,0,0,0,0,0,0,0,0,0,0,1,0,0,1,0,0,0,0,0,0,0,0,0,1,0,0,0,0,0,1,13.79,0,1,0,0,0,0,0,0,0,0,1,1,0,0,0,0,0,0,0,0,0
Cody Williams,1642262,0,0,0,0,0,0,0,0,0,0,0,0,0,0,0,1,0,0,0,0,0,1,0,0,1,0,0,0,1,0,0,1,0,0,0,1,1,0,0,0,0,0,1,24.34,1,0,1,0,0,0,0,0,0,0,0,1,1,0,0,0,0,0,0,0,0
Colby Jones,1641732,0,0,0,0,0,0,0,0,0,0,0,0,0,0,0,0,0,0,0,0,0,0,0,1,0,0,1,0,0,0,0,0,0,0,0,0,1,0,0,0,0,0,1,6.82,1,0,0,0,0,0,0,0,0,0,1,1,0,0,0,0,0,0,0,0,0
Cole Anthony,1630175,0,0,0,0,0,0,0,0,0,0,0,0,0,0,0,0,0,0,0,0,0,0,0,1,0,0,1,0,0,0,0,0,0,0,0,0,1,0,0,0,0,0,1,15.05,1,0,0,0,0,0,0,0,0,0,1,1,1,1,0,0,0,0,0,0,0
Colin Castleton,1630658,0,0,0,0,0,0,0,0,0,0,0,0,0,0,0,0,0,0,1,0,0,0,0,1,0,0,0,1,0,0,0,0,1,0,0,0,1,0,0,0,0,0,1,5.35,1,0,1,0,0,0,1,0,0,0,1,1,1,0,0,0,0,0,0,0,0
Collin Gillespie,1631221,0,0,0,1,0,0,0,1,0,1,0,0,0,1,0,1,0,1,1,0,0,1,1,0,1,0,0,0,0,1,0,0,1,0,0,0,1,0,0,0,0,0,1,28.52,0,0,0,0,0,0,1,0,0,1,1,1,1,0,0,0,0,0,0,0,0
Collin Murray-Boyles,1642867,0,0,0,0,0,1,0,0,0,0,0,0,0,0,0,1,1,0,0,0,0,1,0,1,0,1,0,0,0,0,0,0,1,0,0,0,1,0,0,0,0,0,1,21.85,1,0,0,0,0,0,0,0,0,0,1,1,1,0,0,0,0,0,0,0,0
Collin Sexton,1629012,0,0,1,1,0,0,0,0,0,1,0,0,0,1,0,1,0,1,1,0,0,1,0,1,0,0,1,0,0,0,0,1,0,0,0,0,1,0,0,0,0,0,1,23.72,0,0,0,0,0,0,0,0,0,1,0,1,0,0,0,0,0,0,0,0,0
Cooper Flagg,1642843,0,1,1,1,0,1,0,1,0,1,0,0,0,1,1,1,0,0,1,0,0,1,1,0,1,0,0,0,0,0,1,0,0,0,1,0,1,0,0,0,0,0,1,33.48,1,0,1,0,0,0,0,0,0,0,1,1,0,0,0,0,0,0,0,0,0
Corey Kispert,1630557,0,0,0,0,0,0,0,0,0,0,0,0,0,1,0,0,0,1,0,0,0,1,0,1,0,0,0,1,0,0,0,0,0,1,0,0,1,0,0,0,0,0,1,18.61,0,0,0,0,0,0,0,0,0,0,1,1,1,0,0,0,0,0,0,0,0
Cormac Ryan,1642504,0,0,0,1,0,0,0,0,0,1,0,0,0,1,0,1,1,1,1,0,0,0,0,1,0,0,1,0,0,0,0,0,0,0,1,0,1,0,0,0,0,0,1,24.61,0,0,0,0,0,0,1,0,0,1,0,1,0,0,0,0,0,0,0,0,0
Craig Porter Jr.,1641854,0,0,0,0,0,0,0,0,0,0,0,0,0,0,0,0,0,1,0,0,0,1,0,1,0,0,1,0,0,0,0,1,0,0,0,1,1,0,0,0,0,0,1,17.93,0,0,0,0,0,0,1,0,0,0,1,1,0,0,0,0,0,0,0,0,0
Curtis Jones,1642938,0,0,0,0,0,0,0,0,0,0,0,0,0,0,0,0,0,0,0,0,0,0,0,0,1,0,0,0,1,0,0,1,0,0,0,1,1,0,0,0,0,0,1,8.77,1,0,0,0,0,0,1,0,0,0,1,1,0,0,0,0,0,0,0,0,0
D'Angelo Russell,1626156,0,0,0,1,0,0,0,1,0,0,0,0,0,1,0,0,0,0,0,0,0,0,0,1,0,0,0,1,0,0,0,1,0,0,0,1,1,0,0,0,0,0,1,19.03,0,1,0,0,0,0,0,0,0,0,0,1,1,1,0,0,0,0,0,0,0
DaQuan Jeffries,1629610,0,0,0,1,0,0,0,0,0,0,0,0,0,1,0,0,1,1,1,0,0,0,0,0,1,0,0,0,0,1,0,0,0,0,0,0,1,0,0,0,0,0,1,19.97,0,0,0,0,0,0,1,0,0,1,1,1,1,0,0,0,0,0,0,0,0
DaRon Holmes II,1641747,0,0,0,0,0,0,0,0,0,0,0,0,0,0,0,0,1,1,0,0,0,0,0,0,1,0,0,0,1,0,0,0,1,0,0,0,1,0,0,0,0,0,1,8.38,1,0,1,0,0,0,0,0,0,1,1,1,0,0,0,0,0,0,0,0,0
Daeqwon Plowden,1631342,0,0,0,1,0,0,0,0,0,0,0,0,0,1,0,1,0,0,1,0,0,0,0,0,1,0,0,0,0,1,0,0,0,1,0,1,1,0,0,0,0,0,1,26.39,0,0,0,0,0,0,1,0,0,0,0,1,1,0,0,0,0,0,0,0,0
Dalano Banton,1630625,0,0,0,0,0,0,0,0,0,0,0,0,0,0,0,0,0,0,1,0,0,0,0,1,0,1,0,0,0,0,0,0,0,0,1,1,0,0,0,1,0,0,1,10.28,0,0,1,0,0,0,0,0,0,0,1,1,0,1,0,0,0,0,0,0,0
Dalen Terry,1631207,0,0,0,0,0,0,0,0,0,0,0,0,0,0,0,0,0,1,0,0,0,0,0,1,0,1,0,0,0,0,0,0,1,0,0,0,1,0,0,0,0,0,1,11.48,1,0,0,0,0,0,0,0,0,0,0,1,0,0,0,0,0,0,0,0,0
Dalton Knecht,1642261,0,0,0,0,0,0,0,0,0,0,0,0,0,0,0,0,0,0,0,0,0,1,0,0,1,0,0,0,0,1,0,1,0,0,0,0,1,0,0,0,0,0,1,10.24,1,0,0,0,0,0,0,0,0,0,1,1,0,0,0,0,0,0,0,0,0
Daniel Gafford,1629655,0,0,0,0,0,1,0,0,0,0,0,1,0,0,0,1,1,0,0,0,0,1,0,0,1,0,0,0,0,0,1,0,0,1,0,1,1,0,0,0,0,0,1,21.72,0,0,1,0,0,0,0,0,0,0,1,1,1,0,0,0,0,0,0,0,0
Daniss Jenkins,1642450,0,0,0,0,0,0,0,0,0,0,0,0,0,1,0,1,0,1,1,0,0,1,1,1,0,0,1,0,0,0,0,0,0,1,0,0,1,0,0,0,0,0,1,20.21,1,0,0,0,0,0,1,0,0,0,1,1,1,0,0,0,0,0,0,0,0
Danny Wolf,1642874,0,0,0,0,0,0,0,0,0,0,0,0,0,1,0,1,0,0,0,0,0,1,0,1,0,1,0,0,0,0,0,1,0,0,0,0,1,0,0,0,0,0,1,20.83,1,0,1,0,0,0,0,0,0,0,0,1,0,0,0,0,0,0,0,0,0
Dario Saric,203967,0,0,0,0,0,0,0,0,0,0,0,0,0,0,0,0,0,0,1,0,0,0,0,0,1,0,0,0,0,1,0,0,0,0,0,0,0,1,0,0,0,0,1,8.25,0,1,1,0,0,0,0,0,0,0,0,1,0,1,0,0,0,0,0,0,0
Dariq Whitehead,1641727,0,0,1,1,0,0,0,0,0,0,0,0,1,1,1,1,0,0,0,0,0,0,0,0,1,0,0,0,0,0,1,0,0,0,0,0,1,0,0,0,0,0,1,30.47,1,0,0,0,0,0,0,0,0,0,0,1,1,0,0,0,0,0,0,0,0
Darius Brown,1642468,0,0,0,0,0,0,0,0,0,0,0,0,0,0,0,0,0,0,0,0,0,0,0,1,0,0,1,0,0,0,0,0,0,0,0,0,1,0,0,0,0,0,1,2.67,0,0,0,0,0,0,1,0,0,0,1,1,0,0,0,0,0,0,0,0,0
Darius Garland,1629636,0,0,1,1,0,0,0,1,0,0,0,0,0,1,0,1,0,1,1,0,0,0,0,0,1,0,0,0,0,1,0,0,1,0,0,0,1,0,0,0,0,0,1,29.87,0,0,0,0,0,0,0,1,0,0,1,1,1,0,0,0,0,0,0,0,0
David Jones Garcia,1642357,0,0,0,0,0,0,0,0,0,0,0,0,0,0,0,0,1,1,0,0,0,0,0,0,1,0,0,0,0,0,1,0,0,1,0,1,0,0,0,0,0,0,1,6.18,1,0,0,0,0,0,1,0,0,1,1,1,0,0,0,0,0,0,0,0,0
David Roddy,1631223,0,0,0,0,0,0,0,0,0,0,0,0,0,0,0,0,1,0,1,0,0,0,0,0,1,0,0,0,1,0,0,0,0,0,1,1,1,0,0,0,0,0,1,14.6,1,0,0,0,0,0,0,0,0,0,0,1,0,0,0,0,0,0,0,0,0
Davion Mitchell,1630558,0,0,0,0,0,0,0,1,0,0,0,0,0,1,0,1,0,1,0,0,0,1,1,1,0,0,0,1,0,0,0,0,0,0,1,1,1,0,0,0,0,0,1,28.58,0,0,0,0,0,0,0,1,0,0,1,1,1,0,0,0,0,0,0,0,0
Day'Ron Sharpe,1630549,0,0,0,0,0,1,0,0,0,1,0,0,0,0,0,0,1,0,0,0,0,1,0,1,0,1,0,0,0,0,0,0,0,1,0,0,1,0,0,0,0,0,1,18.71,1,0,1,0,0,0,0,0,0,0,0,1,0,0,0,0,0,0,0,0,0
De'Aaron Fox,1628368,0,0,1,1,0,0,0,1,0,1,0,0,0,1,1,1,0,0,0,0,0,1,1,0,1,0,0,0,0,0,1,1,0,0,0,0,1,0,0,0,0,0,1,30.99,0,0,0,0,0,0,0,1,0,0,1,1,0,0,0,0,0,1,0,0,0
De'Andre Hunter,1629631,0,0,0,1,0,0,0,0,0,0,0,0,0,1,0,1,0,0,1,0,0,0,0,0,1,0,0,0,0,1,0,0,1,0,0,1,1,0,0,0,0,0,1,26.12,0,0,0,0,0,0,0,0,0,0,1,1,0,1,0,0,0,0,0,0,0
De'Anthony Melton,1629001,0,0,0,1,0,0,0,0,1,1,0,0,0,1,0,1,0,0,1,0,0,0,0,0,1,0,0,0,0,1,0,1,0,0,0,0,1,0,0,0,0,0,1,22.96,0,0,0,0,0,0,0,0,0,0,1,1,0,0,0,0,0,0,0,0,0
DeAndre Jordan,201599,0,0,0,0,0,1,0,0,0,0,0,0,0,0,0,0,1,0,0,0,0,0,0,0,1,0,0,0,0,0,1,1,0,0,0,1,1,0,0,0,0,0,1,16.57,0,1,1,0,0,0,0,0,0,0,1,1,0,1,0,0,1,1,0,0,1
DeJon Jarreau,1630610,0,0,0,0,0,0,0,0,0,0,0,0,0,0,0,1,0,0,0,0,0,0,0,0,1,0,0,0,0,0,1,0,0,0,0,0,1,0,0,0,0,0,1,20.98,0,0,0,0,0,0,1,0,0,0,1,1,1,0,0,0,0,0,0,0,0
DeMar DeRozan,201942,0,0,1,1,0,0,0,1,0,1,0,0,0,0,1,1,0,0,1,0,0,1,1,0,1,0,0,0,0,1,0,0,1,0,0,0,1,0,0,0,0,0,1,31.24,0,1,0,0,0,0,0,0,0,0,1,1,1,0,0,0,0,1,0,0,0
Dean Wade,1629731,0,0,0,0,0,0,0,0,0,0,0,0,0,1,0,1,0,1,0,0,0,1,0,1,0,0,1,0,0,0,0,0,0,0,1,0,1,0,0,0,0,0,1,22.33,0,0,1,0,0,0,1,0,0,0,0,1,0,0,0,0,0,0,0,0,0
Deandre Ayton,1629028,0,0,0,1,0,1,0,0,0,0,0,0,0,0,0,1,1,0,0,0,0,1,1,0,1,0,0,0,0,1,0,1,0,0,0,1,0,0,0,0,0,0,1,27.2,0,0,1,1,0,0,0,0,0,0,1,1,0,1,0,0,0,0,0,0,0
Dejounte Murray,1627749,0,0,1,1,0,1,0,1,1,1,0,0,0,1,0,1,0,0,1,0,1,0,0,0,1,0,0,0,0,0,1,1,0,0,0,1,1,0,0,0,0,0,1,27.82,0,0,0,0,0,0,0,1,0,0,1,1,0,1,0,0,0,0,0,0,1
Deni Avdija,1630166,0,1,1,1,0,1,0,1,0,0,0,0,0,1,1,1,0,0,1,0,1,1,0,0,1,0,0,0,1,0,0,1,0,0,0,0,0,0,0,0,0,0,1,33.32,1,0,1,0,0,0,0,1,0,0,1,1,0,1,0,0,0,0,0,0,0
Dennis Schröder,203471,0,0,0,1,0,0,0,1,0,0,0,0,0,1,0,1,0,0,1,0,0,1,1,1,0,0,1,0,0,0,0,1,0,0,0,0,0,1,0,0,0,0,1,24.23,0,1,0,0,0,0,0,0,0,0,0,1,1,0,0,0,0,0,0,0,0
Dereck Lively II,1641726,0,0,0,0,0,1,0,0,0,0,1,1,0,0,0,0,1,0,1,0,0,0,0,0,1,0,0,0,0,0,1,1,0,0,0,0,1,0,0,0,0,0,1,16.47,1,0,1,1,0,0,0,0,0,0,1,1,0,0,0,0,0,0,0,0,0
Derik Queen,1642852,0,0,0,1,0,1,0,0,0,1,0,0,0,0,0,1,0,0,0,0,0,1,1,0,1,0,0,0,0,0,1,0,0,1,0,0,1,0,0,0,0,0,1,24.98,1,0,1,0,0,0,0,0,0,0,0,1,0,0,0,0,0,0,0,0,0
Derrick Jones Jr.,1627884,0,0,0,1,0,0,0,0,0,0,0,1,0,1,0,1,0,1,0,0,0,1,0,0,1,0,0,0,0,1,0,1,0,0,0,1,1,0,0,0,0,0,1,26.99,0,0,0,0,0,0,1,0,0,0,1,1,0,0,0,0,0,0,0,0,0
Derrick White,1628401,0,0,1,1,0,0,0,1,0,1,0,1,0,1,1,1,0,0,1,0,0,1,1,1,0,1,0,0,0,0,0,1,0,0,0,1,1,0,0,0,0,0,1,34.09,0,1,0,0,0,0,0,1,0,0,0,1,0,0,0,0,1,0,0,0,1
Desmond Bane,1630217,0,1,1,1,0,0,0,1,0,1,0,0,0,1,1,1,0,1,1,0,0,1,1,1,0,0,0,1,0,0,0,1,0,0,0,1,1,0,0,0,0,0,1,33.61,0,0,0,0,0,0,0,0,0,0,1,1,0,0,0,0,0,0,0,0,0
Devin Booker,1626164,1,1,1,1,0,0,0,1,0,0,0,0,0,1,1,1,0,0,1,0,1,1,0,0,1,0,0,0,0,1,0,1,0,0,0,1,1,0,0,0,0,0,1,33.54,0,0,0,0,0,0,0,1,0,0,1,1,0,0,0,0,0,1,0,0,0
Devin Carter,1642269,0,0,0,0,0,0,0,0,0,0,0,0,0,0,0,0,0,0,0,0,0,0,0,0,1,0,0,0,0,1,0,0,0,1,0,0,1,0,0,0,0,0,1,18.42,1,0,0,0,0,0,0,0,0,0,1,1,0,0,0,0,0,0,0,0,0
Devin Vassell,1630170,0,0,0,1,0,0,0,0,0,0,0,0,0,1,1,1,0,1,1,0,0,1,0,0,1,0,0,0,0,0,1,0,0,1,0,0,1,0,0,0,0,0,1,30.51,1,0,0,0,0,0,0,0,0,0,0,1,1,0,0,0,0,0,0,0,0
Dillon Brooks,1628415,0,1,1,1,0,0,0,0,0,1,0,0,0,1,1,1,0,0,1,0,0,1,0,0,1,0,0,0,0,1,0,1,0,0,0,1,0,0,0,1,0,0,1,30.39,0,1,0,0,0,0,0,0,0,0,1,1,0,0,0,0,0,0,0,0,1
Dillon Jones,1641794,0,0,0,0,0,0,0,0,0,0,0,0,0,0,0,0,0,0,1,0,0,0,0,1,0,1,0,0,0,0,0,0,0,0,1,1,1,0,0,0,0,0,1,5.63,1,0,0,0,0,0,0,0,0,0,1,1,0,0,0,0,1,0,0,0,0
Domantas Sabonis,1627734,0,0,1,1,1,1,0,1,0,0,0,0,0,0,0,1,1,0,0,1,0,0,0,0,1,0,0,0,0,1,0,0,1,0,0,1,0,1,0,0,0,0,1,29.66,0,0,1,0,0,0,0,0,1,0,0,1,1,0,0,0,0,1,0,0,0
Dominick Barlow,1631230,0,0,0,0,0,0,0,0,0,0,0,0,0,0,0,1,1,0,0,0,0,1,1,1,0,1,0,0,0,0,0,0,0,1,0,1,1,0,0,0,0,0,1,23.78,1,0,1,0,0,0,1,0,0,0,1,1,0,0,0,0,0,0,0,0,0
Donovan Clingan,1642270,0,0,0,1,1,1,0,0,0,0,1,1,0,1,0,1,1,0,0,1,0,1,1,0,1,0,0,0,1,0,0,0,0,1,0,1,1,0,0,0,0,0,1,27.19,1,0,1,1,0,0,0,0,1,0,1,1,1,0,0,0,0,0,0,0,0
Donovan Mitchell,1628378,1,1,1,1,0,0,0,1,0,1,0,0,1,1,1,1,0,1,1,0,0,1,1,1,0,0,1,0,0,0,0,0,0,0,1,1,1,0,0,0,0,0,1,33.46,0,0,0,0,0,0,0,1,0,0,1,1,1,0,0,0,0,1,0,0,0
Donte DiVincenzo,1628978,0,0,0,1,0,0,0,0,0,1,0,0,0,1,1,1,0,1,0,0,0,1,1,0,1,0,0,0,1,0,0,1,0,0,0,0,1,0,0,0,0,0,1,30.42,0,0,0,0,0,0,0,0,0,0,1,1,1,1,0,0,1,0,0,0,0
Dorian Finney-Smith,1627827,0,0,0,0,0,0,0,0,0,0,0,0,0,0,0,0,0,0,1,0,0,0,0,0,1,0,0,0,0,0,1,1,0,0,0,0,1,0,0,0,0,0,1,16.77,0,1,0,0,0,0,1,0,0,0,1,1,1,0,0,0,0,0,0,0,0
Doug McDermott,203926,0,0,0,0,0,0,0,0,0,0,0,0,0,1,0,0,0,1,1,0,0,0,0,0,1,0,0,0,0,1,0,1,0,0,0,1,1,0,0,0,0,0,1,15.14,0,1,0,0,0,0,0,0,0,0,1,1,1,0,0,0,0,0,0,0,0
Drake Powell,1642962,0,0,0,0,0,0,0,0,0,0,0,0,0,0,0,1,0,0,1,0,0,1,0,1,0,1,0,0,0,0,0,1,0,0,0,0,1,0,0,0,0,0,1,20.94,1,0,0,0,0,0,0,0,0,0,0,1,0,1,0,0,0,0,0,0,0
Draymond Green,203110,0,0,0,0,0,1,0,1,0,0,0,0,0,1,0,1,0,0,0,0,0,1,0,0,1,0,0,0,0,1,0,0,0,1,0,1,1,0,0,0,0,0,1,27.48,0,1,0,0,0,0,0,1,0,0,1,1,0,0,0,0,1,1,0,0,1
Drew Eubanks,1629234,0,0,0,0,0,0,0,0,0,0,0,0,0,0,0,0,1,0,0,0,0,0,0,0,1,0,0,0,0,1,0,0,1,0,0,1,1,0,0,0,0,0,1,13.15,0,0,1,0,0,0,1,0,0,0,1,1,1,0,0,0,0,0,0,0,0
Drew Peterson,1641809,0,0,0,0,0,0,0,0,0,0,0,0,0,0,0,0,0,0,0,0,0,0,0,1,0,0,0,1,0,0,0,0,0,0,0,0,1,0,0,0,0,0,1,10.71,0,0,1,0,0,0,1,0,0,0,0,1,1,0,0,0,0,0,0,0,0
Drew Timme,1631166,0,0,0,0,0,0,0,0,0,0,0,0,0,0,0,0,1,1,0,0,0,0,0,0,1,0,0,0,0,1,0,0,1,0,0,1,1,0,0,0,0,0,1,8.71,1,0,1,0,0,0,1,0,0,1,0,1,0,0,0,0,0,0,0,0,0
Dru Smith,1630696,0,0,0,0,0,0,0,0,0,1,0,0,0,0,0,0,0,0,1,0,0,1,1,1,0,0,0,1,0,0,0,0,1,0,0,0,1,0,0,0,0,0,1,16.3,0,0,0,0,0,0,1,0,0,0,0,1,0,1,0,0,0,0,0,0,0
Duncan Robinson,1629130,0,0,0,1,0,0,0,0,0,0,0,0,0,1,0,1,0,1,0,0,0,1,1,1,0,0,1,0,0,0,0,0,0,0,1,1,1,0,0,0,0,0,1,27.44,0,1,0,0,0,0,1,0,0,1,0,1,1,0,0,0,0,0,0,0,0
Duop Reath,1641871,0,0,0,0,0,0,0,0,0,0,0,0,0,0,0,0,0,1,1,0,0,0,0,0,1,0,0,0,1,0,0,0,0,0,0,0,0,0,1,0,0,0,1,8.07,0,0,1,0,0,0,1,0,0,1,0,1,0,0,0,0,0,0,0,0,0
Dwight Powell,203939,0,0,0,0,0,0,0,0,0,0,0,0,0,0,0,0,1,0,0,0,0,1,0,0,1,0,0,0,0,0,1,1,0,0,0,1,0,0,0,1,0,0,1,14.36,0,1,1,0,0,0,0,0,0,0,0,1,0,0,0,0,0,0,0,0,0
Dylan Cardwell,1642928,0,0,0,0,0,1,0,0,0,0,1,1,0,0,0,1,1,1,0,1,0,0,0,0,1,0,0,0,0,1,0,0,0,0,1,0,1,0,0,0,0,0,1,20.6,1,0,1,0,0,0,1,0,0,1,1,1,1,0,0,0,0,0,0,0,0
Dylan Harper,1642844,0,0,0,1,0,0,0,0,0,0,0,0,0,0,0,1,1,0,0,0,0,1,0,0,1,0,0,0,0,0,1,1,0,0,0,0,1,0,0,0,0,0,1,22.58,1,0,0,0,0,0,0,0,0,0,1,1,0,0,0,0,0,0,0,0,0
Dyson Daniels,1630700,0,0,0,1,0,1,0,1,1,1,0,0,0,0,1,1,1,0,0,0,0,1,1,1,0,0,0,1,0,0,0,1,0,0,0,1,0,0,0,0,1,0,1,33.15,1,0,0,0,0,0,0,1,0,0,1,1,1,0,0,0,0,0,0,0,1
E.J. Liddell,1630604,0,0,0,0,0,0,0,0,0,0,0,0,0,0,0,0,0,0,1,0,0,0,0,1,0,1,0,0,0,0,0,1,0,0,0,1,1,0,0,0,0,0,1,13.43,1,0,0,0,0,0,0,0,0,0,1,1,1,0,0,0,0,0,0,0,0
Egor Dëmin,1642856,0,0,0,1,0,0,0,0,0,0,0,0,0,1,0,1,0,1,1,0,0,1,0,1,0,1,0,0,0,0,0,1,0,0,0,0,0,1,0,0,0,0,1,25.16,1,0,1,0,0,0,0,0,0,0,1,1,0,0,0,0,0,0,0,0,0
Elijah Harkless,1641989,0,0,0,0,0,0,0,0,0,1,0,0,0,0,0,1,0,0,0,0,0,0,0,0,1,0,0,0,1,0,0,0,1,0,0,0,1,0,0,0,0,0,1,20.95,0,0,0,0,0,0,1,0,0,0,1,1,1,0,0,0,0,0,0,0,0
Emanuel Miller,1641801,0,0,0,0,0,0,0,0,0,0,0,0,0,0,0,0,0,0,0,0,0,0,0,0,1,0,0,0,0,0,1,0,1,0,0,0,0,0,0,1,0,0,1,6.61,1,0,0,0,0,0,1,0,0,0,1,1,0,0,0,0,0,0,0,0,0
Enrique Freeman,1642402,0,0,0,0,0,0,0,0,0,0,0,0,0,0,0,0,1,1,0,0,0,0,0,0,1,0,0,0,1,0,0,0,0,1,0,1,1,0,0,0,0,0,1,9.3,1,0,1,0,0,0,0,0,0,1,1,1,1,1,0,0,0,0,0,0,0
Eric Gordon,201569,0,0,0,0,0,0,0,0,0,0,0,0,0,1,0,0,1,1,0,0,0,0,0,1,0,1,0,0,0,0,0,0,0,0,0,0,1,0,0,0,0,0,1,12.29,0,1,0,0,0,0,0,0,0,1,1,1,0,0,0,0,0,0,0,0,0
Ethan Thompson,1630679,0,0,0,0,0,0,0,0,0,0,0,0,0,1,0,1,0,0,0,0,0,0,0,1,0,0,1,0,0,0,0,0,0,0,1,1,0,0,0,0,0,0,1,20.41,0,0,0,0,0,0,1,0,0,0,0,1,1,0,0,0,0,0,0,0,0
Evan Mobley,1630596,0,0,1,1,0,1,0,0,0,0,1,1,0,0,1,1,1,0,0,0,0,1,0,1,0,0,1,0,0,0,0,1,0,0,0,0,1,0,0,0,0,0,1,31.91,1,0,1,0,0,0,0,0,1,0,1,1,0,0,0,0,0,1,0,0,1
Franz Wagner,1630532,0,1,1,1,0,1,0,0,0,0,0,0,0,1,0,1,0,0,1,0,0,0,0,1,0,0,0,1,0,0,0,0,0,1,0,0,0,1,0,0,0,0,1,29.97,1,0,1,0,0,0,0,0,0,0,0,1,0,0,0,0,0,0,0,0,0
GG Jackson,1641713,0,0,0,1,0,0,0,0,0,0,0,0,0,1,0,1,0,0,0,0,0,1,0,0,1,0,0,0,0,0,1,0,0,0,1,1,1,0,0,0,0,0,1,21.41,1,0,1,0,0,0,0,0,0,0,1,1,1,0,0,0,0,0,0,0,0
Gabe Vincent,1629216,0,0,0,0,0,0,0,0,0,0,0,0,0,1,0,0,0,0,1,0,0,1,0,1,0,0,0,1,0,0,0,1,0,0,0,0,1,0,0,0,0,0,1,16.59,0,0,0,0,0,0,1,0,0,0,0,1,1,1,0,0,0,0,0,0,0
Garrett Temple,202066,0,0,0,0,0,0,0,0,0,0,0,0,0,0,0,0,0,0,0,0,0,0,0,1,0,1,0,0,0,0,0,0,1,0,0,1,1,0,0,0,0,0,1,3.32,0,1,0,0,0,0,1,0,0,0,0,1,0,0,0,0,0,0,0,0,0
Garrison Mathews,1629726,0,0,0,0,0,0,0,0,0,0,0,0,0,1,0,0,0,1,1,0,0,0,0,1,0,0,1,0,0,0,0,0,0,0,0,0,1,0,0,0,0,0,1,13.07,0,0,0,0,0,0,1,0,0,0,1,1,1,0,0,0,0,0,0,0,0
Gary Harris,203914,0,0,0,0,0,0,0,0,0,0,0,0,0,0,0,0,0,1,1,0,0,0,0,1,0,0,1,0,0,0,0,0,1,0,0,1,1,0,0,0,0,0,1,13.77,0,1,0,0,0,0,0,0,0,1,1,1,0,0,0,0,0,0,0,0,0
Gary Payton II,1627780,0,0,0,0,0,0,0,0,0,0,0,0,0,0,0,0,1,0,0,0,0,1,1,0,1,0,0,0,0,1,0,1,0,0,0,0,1,0,0,0,0,0,1,15.65,0,1,0,0,0,0,1,0,0,0,1,1,0,0,0,0,1,0,0,0,0
Gary Trent Jr.,1629018,0,0,0,0,0,0,0,0,0,0,0,0,0,1,0,1,0,1,0,0,0,1,0,1,0,0,1,0,0,0,0,1,0,0,0,1,1,0,0,0,0,0,1,21.19,0,0,0,0,0,0,0,0,0,0,1,1,0,0,0,0,0,0,0,0,0
Giannis Antetokounmpo,203507,1,1,1,1,0,1,0,1,0,0,0,0,0,0,0,1,1,0,0,0,1,0,0,1,0,0,1,0,0,0,0,0,0,0,1,0,0,1,0,0,0,0,1,28.87,0,1,1,0,0,0,0,1,1,0,1,1,1,0,0,0,1,1,0,0,1
Goga Bitadze,1629048,0,0,0,0,0,1,0,0,0,0,0,0,0,0,0,0,1,0,0,0,0,1,0,1,0,0,0,1,0,0,0,0,0,0,1,1,0,1,0,0,0,0,1,15.19,0,0,1,0,0,0,0,0,0,0,1,1,1,1,0,0,0,0,0,0,0
Gradey Dick,1641711,0,0,0,0,0,0,0,0,0,0,0,0,0,0,0,0,0,0,1,0,0,1,1,1,0,1,0,0,0,0,0,1,0,0,0,1,1,0,0,0,0,0,1,14.04,1,0,0,0,0,0,0,0,0,0,1,1,0,0,0,0,0,0,0,0,0
Grant Nelson,1641761,0,0,0,0,0,0,0,0,0,0,0,1,0,0,0,0,1,0,0,0,0,0,0,1,0,1,0,0,0,0,0,0,0,0,0,0,1,0,0,0,0,0,1,8.75,1,0,1,1,0,0,1,0,0,0,0,1,0,0,0,0,0,0,0,0,0
Grant Williams,1629684,0,0,0,0,0,0,0,0,0,0,0,0,0,1,0,0,0,1,1,0,0,0,0,1,0,0,0,1,0,0,0,1,0,0,0,0,1,0,0,0,0,0,1,19.76,0,0,0,0,0,0,0,0,0,0,0,1,1,0,0,0,0,0,0,0,0
Grayson Allen,1628960,0,0,1,1,0,0,0,0,0,1,0,0,1,1,0,1,0,0,1,0,0,1,0,0,1,0,0,0,0,1,0,1,0,0,0,0,1,0,0,0,0,0,1,28.77,0,1,0,0,0,0,0,0,0,0,1,1,0,0,0,0,0,0,0,0,0
Guerschon Yabusele,1627824,0,0,0,0,0,0,0,0,0,0,0,0,0,1,0,0,0,1,0,0,0,1,0,1,0,0,1,0,0,0,0,0,0,1,0,0,0,1,0,0,0,0,1,15.03,0,1,0,0,0,0,0,0,0,0,0,1,1,0,0,0,0,0,0,0,0
Gui Santos,1630611,0,0,0,0,0,0,0,0,0,0,0,0,0,1,0,1,1,1,0,0,0,1,0,0,1,0,0,0,0,1,0,0,1,0,0,1,0,0,0,0,0,1,1,20.52,1,0,0,0,0,0,0,0,0,0,0,1,0,1,0,0,0,0,0,0,0
Harrison Barnes,203084,0,0,0,0,0,0,0,0,0,0,0,0,0,1,0,1,0,1,1,0,0,1,1,0,1,0,0,0,0,0,1,0,0,0,1,0,1,0,0,0,0,0,1,25.8,0,1,0,0,0,0,0,0,0,0,1,1,0,0,0,0,1,0,0,0,0
Harrison Ingram,1631127,0,0,0,0,0,0,0,0,0,0,0,0,0,0,0,0,1,1,0,0,0,0,0,0,1,0,0,0,0,0,1,0,0,0,1,1,1,0,0,0,0,0,1,3.73,1,0,0,0,0,0,0,0,0,1,1,1,0,0,0,0,0,0,0,0,0
Hayden Gray,1643060,0,0,0,0,0,0,0,0,0,1,0,1,0,0,0,1,1,0,1,0,0,0,0,0,1,0,0,0,1,0,0,0,0,0,0,0,1,0,0,0,0,0,1,24.75,1,0,0,0,0,0,1,0,0,0,1,1,0,0,0,0,0,0,0,0,0
Haywood Highsmith,1629312,0,0,0,0,0,0,0,0,0,0,0,0,0,1,0,0,1,1,1,0,0,0,0,0,1,0,0,0,0,1,0,1,0,0,0,1,1,0,0,0,0,0,1,12.97,0,0,0,0,0,0,1,0,0,1,1,1,1,0,0,0,0,0,0,0,0
Herbert Jones,1630529,0,0,0,0,0,0,0,0,1,1,0,0,0,1,0,1,0,0,1,0,0,1,0,0,1,0,0,0,0,0,1,1,0,0,0,0,1,0,0,0,0,0,1,28.36,0,0,0,0,0,0,0,0,0,0,1,1,0,0,0,0,0,0,0,0,1
Hugo González,1642864,0,0,0,0,0,0,0,0,0,0,0,0,0,0,0,0,0,1,0,0,0,1,1,1,0,1,0,0,0,0,0,0,0,1,0,0,0,1,0,0,0,0,1,14.65,1,0,0,0,0,0,0,0,0,0,1,1,1,1,0,0,0,0,0,0,0
Hunter Dickinson,1630621,0,0,0,0,0,0,0,0,0,0,0,0,0,0,0,0,0,0,1,0,0,0,0,0,1,0,0,0,0,0,1,1,0,0,0,0,1,0,0,0,0,0,1,8.5,1,0,1,1,0,0,1,0,0,0,1,1,1,0,0,0,0,0,0,0,0
Hunter Sallis,1642282,0,0,0,0,0,0,0,0,0,0,0,0,0,0,0,0,1,0,0,0,0,0,0,1,0,1,0,0,0,0,0,0,0,0,0,0,1,0,0,0,0,0,1,3.67,1,0,0,0,0,0,1,0,0,0,0,1,0,0,0,0,0,0,0,0,0
Hunter Tyson,1641816,0,0,0,0,0,0,0,0,0,0,0,0,0,0,0,0,0,0,1,0,0,0,0,0,1,0,0,0,1,0,0,0,0,0,0,0,1,0,0,0,0,0,1,7.71,1,0,1,0,0,0,0,0,0,0,0,1,0,0,0,0,0,0,0,0,0
Immanuel Quickley,1630193,0,0,1,1,0,0,0,1,0,1,0,0,0,1,1,1,0,1,1,0,0,1,1,1,0,1,0,0,0,0,0,1,0,0,0,1,1,0,0,0,0,0,1,31.88,0,0,0,0,0,0,0,1,0,0,0,1,1,0,0,0,0,0,0,0,0
Isaac Jones,1642403,0,0,0,0,0,0,0,0,0,0,0,0,0,0,0,0,0,0,0,0,0,0,0,1,0,0,1,0,0,0,0,1,0,0,0,1,1,0,0,0,0,0,1,5.1,1,0,1,0,0,0,1,0,0,0,1,1,0,0,0,0,0,0,0,0,0
Isaac Okoro,1630171,0,0,0,0,0,0,0,0,0,0,0,0,0,1,0,1,0,0,0,0,0,1,0,1,0,0,1,0,0,0,0,0,0,0,1,1,1,0,0,0,0,0,1,26.9,1,0,0,0,0,0,0,0,0,0,0,1,0,0,0,0,0,0,0,0,0
Isaiah Collier,1642268,0,0,0,1,0,0,1,1,0,1,0,0,0,0,0,1,0,0,0,0,0,1,0,0,1,0,0,0,1,0,0,1,0,0,0,0,1,0,0,0,0,0,1,25.71,1,0,0,0,0,0,0,1,0,0,1,1,1,0,0,0,0,0,0,0,0
Isaiah Crawford,1642384,0,0,0,0,0,0,0,0,0,0,0,0,0,0,0,0,0,0,1,0,0,0,0,0,1,0,0,0,0,0,1,0,0,1,0,1,1,0,0,0,0,0,1,6.58,1,0,0,0,0,0,1,0,0,0,1,1,1,0,0,0,0,0,0,0,0
Isaiah Hartenstein,1628392,0,0,0,0,0,1,0,0,0,1,0,0,0,0,0,1,1,0,0,1,0,0,0,0,1,0,0,0,1,0,0,0,0,0,1,1,0,1,0,0,0,0,1,24.2,0,0,1,1,0,0,0,0,1,0,1,1,1,0,0,0,1,0,0,0,0
Isaiah Jackson,1630543,0,0,0,0,0,1,0,0,0,0,0,0,0,0,0,0,1,0,0,0,0,1,0,0,1,0,0,0,0,1,0,0,0,1,0,1,1,0,0,0,0,0,1,16.51,1,0,1,0,0,0,0,0,0,0,1,1,1,0,0,0,0,0,0,0,0
Isaiah Joe,1630198,0,0,0,1,0,0,0,0,0,0,0,0,0,1,0,1,0,1,1,0,0,1,1,0,1,0,0,0,1,0,0,0,1,0,0,1,1,0,0,0,0,0,1,21.23,0,0,0,0,0,0,0,0,0,1,1,1,0,0,0,0,1,0,0,0,0
Isaiah Livers,1630587,0,0,0,0,0,0,0,0,0,0,0,0,0,0,0,0,0,0,0,0,0,0,0,0,1,0,0,0,0,1,0,0,1,0,0,0,1,0,0,0,0,0,1,9.65,0,0,0,0,0,0,0,0,0,0,1,1,0,0,0,0,0,0,0,0,0
Isaiah Stevens,1641815,0,0,0,0,0,0,0,0,1,1,0,0,0,0,0,0,0,0,1,0,0,0,0,0,1,0,0,0,0,1,0,0,0,1,0,0,1,0,0,0,0,0,1,14.26,1,0,0,0,0,0,1,0,0,0,0,1,1,0,0,0,0,0,0,0,0
Isaiah Stewart,1630191,0,0,0,1,0,1,0,0,0,0,1,1,0,0,0,1,1,0,0,0,0,1,0,1,0,0,1,0,0,0,0,0,0,1,0,0,1,0,0,0,0,0,1,22.71,1,0,1,0,0,0,0,0,0,0,0,1,1,0,0,0,0,0,0,0,0
Ivica Zubac,1627826,0,0,0,1,1,1,0,0,0,0,0,0,0,0,1,1,1,0,0,1,0,0,0,1,0,0,1,0,0,0,0,0,0,0,1,0,0,1,0,0,0,0,1,30.14,0,0,1,1,0,0,0,0,1,0,0,1,0,1,0,0,0,0,0,0,1
JD Davison,1631120,0,0,0,0,0,0,0,0,0,0,0,0,0,0,0,0,0,0,0,0,0,0,0,0,1,0,0,0,0,0,1,1,0,0,0,0,1,0,0,0,0,0,1,7.8,1,0,0,0,0,0,0,0,0,0,1,1,1,0,0,0,0,0,0,0,0
Ja Morant,1629630,0,0,1,1,0,0,1,1,0,1,0,0,0,1,0,1,0,0,1,0,1,0,0,0,1,0,0,0,0,0,1,0,1,0,0,0,1,0,0,0,0,0,1,28.43,0,0,0,0,0,0,0,1,0,0,1,1,0,1,0,0,0,1,0,0,0
Ja'Kobe Walter,1642266,0,0,0,0,0,0,0,0,0,1,0,0,0,1,0,1,0,1,0,0,0,1,1,1,0,1,0,0,0,0,0,0,1,0,0,0,1,0,0,0,0,0,1,20.47,1,0,0,0,0,0,0,0,0,1,0,1,0,1,0,0,0,0,0,0,0
Jabari Smith Jr.,1631095,0,0,1,1,0,1,0,0,0,0,0,0,0,1,1,1,0,1,0,0,0,1,1,0,1,0,0,0,0,0,1,0,1,0,0,0,1,0,0,0,0,0,1,35.13,1,0,1,0,0,0,0,0,0,0,1,1,0,1,0,0,0,0,0,0,0
Jabari Walker,1631133,0,0,0,0,0,0,0,0,0,0,0,0,0,0,0,0,0,0,0,0,0,1,0,1,0,1,0,0,0,0,0,0,0,0,1,1,1,0,0,0,0,0,1,11.9,1,0,0,0,0,0,0,0,0,0,0,1,0,1,0,0,0,0,0,0,0
Jacob Toppin,1631210,0,0,0,0,0,0,0,0,0,0,0,0,0,0,0,0,1,0,0,0,0,0,0,1,0,0,0,1,0,0,0,0,0,0,0,0,1,0,0,0,0,0,1,3.37,1,0,1,0,0,0,1,0,0,0,0,1,0,0,0,0,0,0,0,0,0
Jaden Hardy,1630702,0,0,0,0,0,0,0,0,0,0,0,0,0,1,0,0,0,1,0,0,0,1,0,1,0,0,0,1,0,0,0,1,0,0,0,0,1,0,0,0,0,0,1,15.76,1,0,0,0,0,0,0,0,0,0,1,1,0,0,0,0,0,0,0,0,0
Jaden Ivey,1631093,0,0,0,0,0,0,0,0,0,0,0,0,0,1,0,0,0,1,1,0,0,0,0,1,0,0,1,0,0,0,0,0,0,0,0,0,1,0,0,0,0,0,1,18.11,1,0,0,0,0,0,0,0,0,0,1,1,0,0,0,0,0,0,0,0,0
Jaden McDaniels,1630183,0,0,0,1,0,0,0,0,0,1,0,1,0,1,1,1,1,1,1,0,0,1,1,0,1,0,0,0,1,0,0,1,0,0,0,1,1,0,0,0,0,0,1,31.73,1,0,1,0,0,0,0,0,0,1,1,1,1,0,0,0,0,0,0,0,1
Jae'Sean Tate,1630256,0,0,0,0,0,0,0,0,0,0,0,0,0,0,0,0,1,0,0,0,0,0,0,0,1,0,0,0,0,0,1,1,0,0,0,0,1,0,0,0,0,0,1,8.8,0,1,0,0,0,0,1,0,0,0,0,1,0,0,0,0,0,0,0,0,0
Jahmai Mashack,1642942,0,0,0,0,0,0,0,0,0,1,0,0,0,0,0,1,0,0,0,0,0,0,0,0,1,0,0,0,0,0,1,0,0,0,0,0,1,0,0,0,0,0,1,21.71,1,0,0,0,0,0,0,0,0,0,1,1,1,1,0,0,0,0,0,0,0
Jahmir Young,1642443,0,0,0,0,0,0,0,0,0,0,0,0,0,0,0,0,0,0,1,0,0,0,0,1,0,0,0,1,0,0,0,0,1,0,0,1,1,0,0,0,0,0,1,4.16,1,0,0,0,0,0,1,0,0,0,0,1,0,0,0,0,0,0,0,0,0
Jahmyl Telfort,1643141,0,0,0,0,0,0,0,0,0,0,0,0,0,0,0,0,0,0,0,0,0,0,0,0,1,0,0,0,0,1,0,0,0,0,0,0,0,0,0,1,0,0,1,4.0,1,0,0,0,0,0,1,0,0,0,0,1,1,0,0,0,0,0,0,0,0
Jaime Jaquez Jr.,1631170,0,0,1,1,0,1,0,1,0,0,0,0,0,0,0,1,1,0,0,0,0,1,1,1,0,0,0,1,0,0,0,0,1,0,0,1,1,0,0,0,0,0,1,28.28,1,0,0,0,0,0,0,0,0,0,1,1,0,1,0,0,0,0,0,0,0
Jake LaRavia,1631222,0,0,0,0,0,0,0,0,0,1,0,0,0,0,0,1,0,0,0,0,0,1,1,0,1,0,0,0,0,1,0,0,1,0,0,0,1,0,0,0,0,0,1,25.14,1,0,0,0,0,0,0,0,0,0,1,1,1,1,0,0,0,0,0,0,0
Jakob Poeltl,1627751,0,0,0,1,0,1,0,0,0,0,0,0,0,0,0,1,1,0,0,0,0,0,0,1,0,1,0,0,0,0,0,0,1,0,0,1,0,0,0,0,0,0,1,24.98,0,1,1,1,0,0,0,0,0,0,0,1,0,0,0,0,0,0,0,0,0
Jalen Brunson,1628973,1,1,1,1,0,0,0,1,0,0,0,0,0,1,1,1,0,1,1,0,0,1,1,1,0,1,0,0,0,0,0,0,1,0,0,1,1,0,0,0,0,0,1,35.0,0,0,0,0,0,0,0,1,0,0,1,1,1,0,0,0,0,1,0,0,0
Jalen Duren,1631105,0,0,1,1,1,1,0,0,0,0,0,0,0,0,0,1,1,0,0,1,0,1,1,1,0,0,1,0,0,0,0,1,0,0,0,0,1,0,0,0,0,0,1,28.23,1,0,1,0,0,0,0,0,1,0,1,1,0,0,0,0,0,0,0,0,0
Jalen Green,1630224,0,0,1,1,0,0,0,0,0,1,0,0,0,1,0,1,0,0,0,0,0,0,0,0,1,0,0,0,0,1,0,1,0,0,0,0,1,0,0,0,0,0,1,25.89,1,0,0,0,0,0,0,0,0,0,1,1,0,0,0,0,0,0,0,0,0
Jalen Johnson,1630552,0,1,1,1,1,1,1,1,0,1,0,0,0,1,1,1,0,1,0,0,1,1,1,1,0,0,0,1,0,0,0,1,0,0,0,1,1,0,0,0,0,0,1,35.16,1,0,1,0,0,0,0,1,1,0,1,1,1,0,0,0,0,0,0,0,0
Jalen Pickett,1629618,0,0,0,0,0,0,0,0,0,0,0,0,0,0,0,0,0,1,0,0,0,1,0,0,1,0,0,0,1,0,0,0,0,1,0,0,1,0,0,0,0,0,1,16.13,0,0,0,0,0,0,0,0,0,0,0,1,1,0,0,0,0,0,0,0,0
Jalen Slawson,1641771,0,0,0,0,0,0,0,0,1,1,0,1,0,1,0,1,0,1,0,0,0,0,0,1,0,0,1,0,0,0,0,0,1,0,0,0,1,0,0,0,0,0,1,23.89,0,0,0,0,0,0,0,0,0,0,0,1,1,0,0,0,0,0,0,0,0
Jalen Smith,1630188,0,0,0,1,0,1,0,0,0,0,0,0,0,1,0,1,0,1,0,0,0,1,0,1,0,0,1,0,0,0,0,0,0,1,0,1,1,0,0,0,0,0,1,20.67,0,0,1,0,0,0,0,0,0,0,0,1,0,0,0,0,0,0,0,0,0
Jalen Suggs,1630591,0,0,0,1,0,0,0,1,1,1,0,0,0,1,0,1,0,0,1,0,0,1,0,1,0,0,0,1,0,0,0,1,0,0,0,0,1,0,0,0,0,0,1,27.61,1,0,0,0,0,0,0,1,0,0,0,1,0,0,0,0,0,0,0,0,1
Jalen Williams,1631114,0,0,1,1,0,0,0,1,0,1,0,0,0,0,0,1,0,0,1,0,0,0,0,0,1,0,0,0,1,0,0,1,0,0,0,0,1,0,0,0,0,0,1,28.36,1,0,0,0,0,0,0,1,0,0,0,1,1,0,0,0,1,1,0,0,1
Jalen Wilson,1630592,0,0,0,0,0,0,0,0,0,0,0,0,0,1,0,0,0,1,0,0,0,1,0,1,0,1,0,0,0,0,0,0,0,1,0,0,1,0,0,0,0,0,1,15.91,1,0,0,0,0,0,0,0,0,0,0,1,0,0,0,0,0,0,0,0,0
Jamal Cain,1631288,0,0,0,0,0,0,0,0,0,0,0,0,0,0,0,0,0,1,1,0,0,0,0,1,0,0,0,1,0,0,0,1,0,0,0,0,1,0,0,0,0,0,1,12.15,0,0,0,0,0,0,1,0,0,0,1,1,0,0,0,0,0,0,0,0,0
Jamal Murray,1627750,1,1,1,1,0,0,1,1,0,0,0,0,1,1,1,1,0,1,1,0,0,1,1,0,1,0,0,0,1,0,0,0,0,1,0,1,0,0,0,1,0,0,1,35.36,0,0,0,0,0,0,0,1,0,1,1,1,0,0,0,0,1,0,0,0,0
Jamal Shead,1642347,0,0,0,0,0,0,0,1,0,0,0,0,0,1,0,1,0,0,0,0,0,1,1,1,0,1,0,0,0,0,0,0,0,1,0,1,1,0,0,0,0,0,1,22.59,1,0,0,0,0,0,0,1,0,0,0,1,0,0,0,0,0,0,0,0,0
Jamaree Bouyea,1631123,0,0,0,0,0,0,0,0,0,0,0,0,0,0,0,0,0,0,0,0,0,0,0,0,1,0,0,0,0,1,0,0,1,0,0,1,1,0,0,0,0,0,1,14.0,0,0,0,0,0,0,1,0,0,0,1,1,0,1,0,0,0,0,0,0,0
James Harden,201935,0,1,1,1,0,0,1,1,0,1,0,0,1,1,1,1,0,1,1,0,1,1,1,1,0,0,1,0,0,0,0,1,0,0,0,1,1,0,0,0,0,0,1,34.84,0,1,0,0,0,0,0,1,0,0,1,1,0,0,0,0,0,1,0,0,0
James Wiseman,1630164,0,0,0,0,0,0,0,0,0,0,0,0,0,0,0,0,1,0,0,0,0,0,0,1,0,0,1,0,0,0,0,0,0,0,0,0,1,0,0,0,0,0,1,14.62,1,0,1,0,0,0,0,0,0,0,0,1,1,0,0,0,0,0,0,0,0
Jamir Watkins,1642364,0,0,0,0,0,0,0,0,0,1,0,0,0,0,0,1,0,0,0,0,0,1,0,1,0,0,0,1,0,0,0,1,0,0,0,1,1,0,0,0,0,0,1,20.64,1,0,0,0,0,0,0,0,0,0,0,1,1,0,0,0,0,0,0,0,0
Jamison Battle,1642419,0,0,0,0,0,0,0,0,0,0,0,0,0,0,0,0,1,1,0,0,0,1,0,1,0,1,0,0,0,0,0,0,0,0,1,1,1,0,0,0,0,0,1,8.47,1,0,0,0,0,0,1,0,0,1,1,1,0,0,0,0,0,0,0,0,0
Jarace Walker,1641716,0,0,0,1,0,1,0,0,0,0,0,0,0,1,0,1,0,1,0,0,0,1,1,1,0,0,1,0,0,0,0,1,0,0,0,1,1,0,0,0,0,0,1,25.7,1,0,0,0,0,0,0,0,0,0,0,1,0,1,0,0,0,0,0,0,0
Jared McCain,1642272,0,0,0,0,0,0,0,0,0,0,0,0,0,1,0,0,0,1,1,0,0,1,0,0,1,0,0,0,1,0,0,1,0,0,0,1,1,0,0,0,0,0,1,17.31,1,0,0,0,0,0,0,0,0,0,1,1,0,0,0,0,0,0,0,0,0
Jaren Jackson Jr.,1628991,0,0,1,1,0,1,0,0,0,1,0,1,0,1,1,1,0,1,1,0,0,0,0,0,1,0,0,0,1,0,0,0,0,1,0,0,1,0,0,0,0,0,1,30.31,0,0,1,0,0,0,0,0,0,0,1,1,0,0,0,0,0,0,0,0,1
Jarred Vanderbilt,1629020,0,0,0,0,0,0,0,0,0,0,0,0,0,0,0,0,0,0,0,0,0,1,0,0,1,0,0,0,0,1,0,1,0,0,0,0,1,0,0,0,0,0,1,17.35,0,0,1,0,0,0,0,0,0,0,0,1,1,0,0,0,0,0,0,0,0
Jarrett Allen,1628386,0,0,1,1,0,1,0,0,0,0,0,0,0,0,0,1,1,0,0,0,0,1,0,1,0,0,1,0,0,0,0,0,0,0,1,1,1,0,0,0,0,0,1,27.13,0,0,1,0,0,0,0,0,1,0,1,1,0,0,0,0,0,0,0,0,0
Jase Richardson,1642859,0,0,0,0,0,0,0,0,0,0,0,0,0,0,0,0,0,1,0,0,0,1,0,1,0,0,0,1,0,0,0,0,1,0,0,1,1,0,0,0,0,0,1,10.87,1,0,0,0,0,0,0,0,0,0,0,1,1,1,0,0,0,0,0,0,0
Javon Small,1642914,0,0,0,0,0,0,0,0,0,0,0,0,0,1,0,1,0,1,1,0,0,0,0,0,1,0,0,0,0,0,1,0,1,0,0,0,1,0,0,0,0,0,1,20.24,1,0,0,0,0,0,0,0,0,1,0,1,0,0,0,0,0,0,0,0,0
Javonte Cooke,1631451,0,0,0,0,0,0,0,0,0,0,0,0,0,0,0,0,0,0,1,0,0,0,0,0,1,0,0,0,1,0,0,0,0,0,0,0,1,0,0,0,0,0,1,4.93,0,0,0,0,0,0,1,0,0,0,1,1,0,1,0,0,0,0,0,0,0
Javonte Green,1629750,0,0,0,0,0,0,0,0,0,1,0,0,0,1,0,0,0,1,1,0,0,1,1,1,0,0,1,0,0,0,0,0,0,0,1,1,1,0,0,0,0,0,1,17.63,0,1,0,0,0,0,1,0,0,0,1,1,0,1,0,0,0,0,0,0,0
Jaxson Hayes,1629637,0,0,0,0,0,0,0,0,0,0,0,0,0,0,0,0,1,1,0,0,0,1,0,0,1,0,0,0,0,1,0,0,1,0,0,1,1,0,0,0,0,0,1,18.28,1,0,1,1,0,0,0,0,0,1,1,1,0,0,0,0,0,0,0,0,0
Jay Huff,1630643,0,0,0,0,0,0,0,0,0,0,1,1,0,1,0,1,0,0,1,0,0,1,1,1,0,0,1,0,0,0,0,0,0,0,1,0,1,0,0,0,0,0,1,20.97,0,0,1,1,0,0,1,0,0,0,1,1,0,0,0,0,0,0,0,0,0
Jaylen Brown,1627759,1,1,1,1,0,1,0,1,0,1,0,0,0,1,1,1,0,0,0,0,1,1,1,1,0,1,0,0,0,0,0,1,0,0,0,1,1,0,0,0,0,0,1,34.41,0,0,0,0,0,0,0,1,0,0,1,1,0,0,0,0,1,1,0,0,0
Jaylen Clark,1641740,0,0,0,0,0,0,0,0,0,0,0,0,0,0,0,0,0,0,0,0,0,1,0,0,1,0,0,0,1,0,0,0,0,1,0,0,1,0,0,0,0,0,1,13.05,1,0,0,0,0,0,0,0,0,0,1,1,0,0,0,0,0,0,0,0,0
Jaylen Wells,1642377,0,0,0,1,0,0,0,0,0,0,0,0,0,1,0,1,0,1,0,0,0,1,0,0,1,0,0,0,0,0,1,1,0,0,0,0,1,0,0,0,0,0,1,26.39,1,0,0,0,0,0,0,0,0,0,0,1,0,0,0,0,0,0,0,0,0
Jaylin Williams,1631119,0,0,0,0,0,1,0,0,0,0,0,0,0,1,0,0,0,1,0,0,0,1,0,0,1,0,0,0,1,0,0,1,0,0,0,0,1,0,0,0,0,0,1,19.65,1,0,1,0,0,0,0,0,0,0,0,1,1,0,0,0,1,0,0,0,0
Jaylon Tyson,1642281,0,0,0,1,0,1,0,0,0,0,0,0,0,1,0,1,0,1,0,0,0,1,0,1,0,0,1,0,0,0,0,0,0,1,0,0,1,0,0,0,0,0,1,26.93,1,0,0,0,0,0,0,0,0,1,0,1,0,0,0,0,0,0,0,0,0
Jayson Kent,1643257,0,0,0,0,0,0,0,0,0,0,0,0,0,0,0,0,1,0,1,0,0,0,0,0,1,0,0,0,1,0,0,0,0,0,0,0,1,0,0,0,0,0,1,4.49,1,0,1,0,0,0,1,0,0,0,1,1,0,0,0,0,0,0,0,0,0
Jayson Tatum,1628369,0,1,1,1,1,1,0,1,0,1,0,0,0,1,1,1,0,0,1,0,0,0,0,1,0,1,0,0,0,0,0,1,0,0,0,0,1,0,0,0,0,0,1,32.62,0,0,1,0,0,0,0,1,1,0,0,1,0,0,0,0,1,1,0,0,0
Jeff Green,201145,0,0,0,0,0,0,0,0,0,0,0,0,0,0,0,0,0,0,1,0,0,0,0,0,1,0,0,0,0,0,1,0,0,0,1,0,1,0,0,0,0,0,1,5.83,0,1,1,0,0,0,0,0,0,0,1,1,0,0,0,0,1,0,0,0,0
Jerami Grant,203924,0,0,1,1,0,0,0,0,0,0,0,0,0,1,0,1,0,1,1,0,0,1,0,0,1,0,0,0,1,0,0,1,0,0,0,1,1,0,0,0,0,0,1,29.74,0,1,0,0,0,0,0,0,0,0,1,1,0,1,0,0,0,0,0,0,0
Jeremiah Fears,1642847,0,0,0,1,0,0,0,0,0,1,0,0,0,1,0,1,0,0,0,0,0,1,1,0,1,0,0,0,0,0,1,1,0,0,0,0,1,0,0,0,0,0,1,25.75,1,0,0,0,0,0,0,0,0,0,1,1,0,0,0,0,0,0,0,0,0
Jeremiah Robinson-Earl,1630526,0,0,0,0,0,0,0,0,0,0,0,0,0,0,0,0,0,0,1,0,0,0,0,0,1,0,0,0,0,0,1,0,0,0,0,0,1,0,0,0,0,0,1,16.39,1,0,1,0,0,0,0,0,0,0,0,1,1,0,0,0,0,0,0,0,0
Jeremy Sochan,1631110,0,0,0,0,0,0,0,0,0,0,0,0,0,0,0,0,0,0,0,0,0,0,0,1,0,1,0,0,0,0,0,0,0,1,0,0,0,1,0,0,0,0,1,10.65,1,0,1,0,0,0,0,0,0,0,0,1,0,0,0,0,0,0,0,0,0
Jericho Sims,1630579,0,0,0,0,0,1,0,0,0,0,0,0,0,0,0,0,1,0,0,0,0,1,0,1,0,0,1,0,0,0,0,1,0,0,0,0,1,0,0,0,0,0,1,19.67,0,0,1,0,0,0,0,0,0,0,0,1,0,1,0,0,0,0,0,0,0
Jett Howard,1641724,0,0,0,0,0,0,0,0,0,0,0,0,0,0,0,0,0,1,1,0,0,1,0,1,0,0,0,1,0,0,0,0,1,0,0,1,1,0,0,0,0,0,1,12.64,1,0,1,0,0,0,0,0,0,0,1,1,0,0,0,0,0,0,0,0,0
Jevon Carter,1628975,0,0,0,0,0,0,0,0,0,0,0,0,0,1,0,0,0,1,0,0,0,1,0,1,0,0,0,1,0,0,0,1,0,0,0,0,1,0,0,0,0,0,1,16.37,0,1,0,0,0,0,0,0,0,0,1,1,0,0,0,0,0,0,0,0,0
Jimmy Butler III,202710,0,1,1,1,0,1,0,1,0,1,0,0,0,0,1,1,1,1,1,0,0,0,0,0,1,0,0,0,0,1,0,0,1,0,0,0,1,0,0,0,0,0,1,31.1,0,1,0,0,0,0,0,0,0,0,1,1,0,0,0,0,0,1,0,0,1
Joan Beringer,1642866,0,0,0,0,0,0,0,0,0,0,0,0,0,0,0,0,1,0,0,0,0,0,0,0,1,0,0,0,1,0,0,0,1,0,0,1,0,1,0,0,0,0,1,7.85,1,0,1,0,0,0,0,0,0,0,1,1,1,0,0,0,0,0,0,0,0
Jock Landale,1629111,0,0,0,1,0,1,0,0,0,0,0,0,0,1,0,1,1,1,0,0,0,1,0,1,0,0,0,1,0,0,0,0,0,0,1,1,0,0,0,0,1,0,1,22.15,0,1,1,0,0,0,1,0,0,0,1,1,1,0,0,0,0,0,0,0,0
Joe Ingles,204060,0,0,0,0,0,0,0,0,0,0,0,0,0,0,0,0,1,1,1,0,0,0,0,0,1,0,0,0,1,0,0,1,0,0,0,1,0,0,0,0,1,0,1,5.66,0,1,1,0,0,0,1,0,0,1,1,1,0,1,0,0,0,0,0,0,0
Joel Embiid,203954,1,1,1,1,0,1,0,0,0,0,0,1,0,1,1,1,0,0,1,0,0,0,0,1,0,1,0,0,0,0,0,0,0,1,0,1,0,0,1,0,0,0,1,31.6,0,1,1,1,0,0,0,0,0,0,1,1,0,0,0,0,0,1,0,0,1
John Collins,1628381,0,0,0,1,0,1,0,0,0,0,0,0,0,1,0,1,1,1,0,0,0,1,0,0,1,0,0,0,0,1,0,0,0,1,0,0,1,0,0,0,0,0,1,27.12,0,0,1,0,0,0,0,0,0,1,1,1,1,0,0,0,0,0,0,0,0
John Konchar,1629723,0,0,0,0,0,0,0,0,0,1,0,0,0,0,0,0,0,0,0,0,0,1,0,0,1,0,0,0,1,0,0,0,0,0,1,1,1,0,0,0,0,0,1,19.9,0,1,0,0,0,0,1,0,0,0,1,1,1,0,0,0,0,0,0,0,0
John Poulakidas,1642967,0,0,0,0,0,0,0,0,0,0,0,0,0,1,0,0,0,1,1,0,0,0,0,0,1,0,0,0,0,0,1,0,0,0,0,0,1,0,0,0,0,0,1,19.5,1,0,0,0,0,0,1,0,0,1,0,1,1,0,0,0,0,0,0,0,0
John Tonje,1642910,0,0,0,0,0,0,0,0,0,0,0,0,0,0,0,0,0,0,1,0,0,0,0,1,0,1,0,0,0,0,0,1,0,0,0,0,1,0,0,0,0,0,1,6.98,1,0,0,0,0,0,0,0,0,0,0,1,0,0,0,0,0,0,0,0,0
Johni Broome,1641780,0,0,0,0,0,0,0,0,0,0,0,0,0,0,0,0,0,0,0,0,0,0,0,1,0,1,0,0,0,0,0,0,0,1,0,0,1,0,0,0,0,0,1,4.98,1,0,1,0,0,0,0,0,0,0,1,1,0,1,0,0,0,0,0,0,0
Johnny Furphy,1642277,0,0,0,0,0,0,0,0,0,0,0,0,0,0,0,0,0,0,0,0,0,0,0,1,0,0,1,0,0,0,0,0,1,0,0,0,0,0,0,0,1,0,1,18.37,1,0,1,0,0,0,0,0,0,0,1,1,0,0,0,0,0,0,0,0,0
Johnny Juzang,1630548,0,0,0,0,0,0,0,0,0,0,0,0,0,0,0,0,0,0,0,0,0,0,0,0,1,0,0,0,1,0,0,0,0,0,0,0,1,0,0,0,0,0,1,4.18,1,0,0,0,0,0,1,0,0,0,1,1,0,0,0,0,0,0,0,0,0
Jonas Valančiūnas,202685,0,0,0,0,0,1,0,0,0,0,0,0,0,0,0,0,1,0,0,0,0,1,0,0,1,0,0,0,1,0,0,0,1,0,0,1,0,1,0,0,0,0,1,13.4,0,1,1,0,0,0,0,0,0,0,0,1,1,0,0,0,0,0,0,0,0
Jonathan Isaac,1628371,0,0,0,0,0,0,0,0,0,0,0,0,0,0,0,0,0,0,0,0,0,1,0,1,0,0,0,1,0,0,0,1,0,0,0,1,1,0,0,0,0,0,1,10.02,0,0,1,0,0,0,0,0,0,0,1,1,0,0,0,0,0,0,0,0,0
Jonathan Kuminga,1630228,0,0,0,1,0,1,0,0,0,0,0,0,0,0,0,1,0,0,0,0,0,0,0,1,0,0,0,1,0,0,0,1,0,0,0,0,0,0,0,0,0,0,1,23.07,1,0,0,0,0,0,0,0,0,0,1,1,1,0,0,0,1,0,0,0,0
Jonathan Mogbo,1642367,0,0,0,0,0,0,0,0,0,0,0,0,0,0,0,0,1,0,0,0,0,0,0,1,0,1,0,0,0,0,0,1,0,0,0,0,1,0,0,0,0,0,1,6.22,1,0,1,0,0,0,0,0,0,0,1,1,0,0,0,0,0,0,0,0,0
Jordan Clarkson,203903,0,0,0,0,0,0,0,0,0,0,0,0,0,0,0,0,0,0,1,0,0,1,1,1,0,1,0,0,0,0,0,1,0,0,0,0,1,0,0,0,0,0,1,17.77,0,1,0,0,0,0,0,0,0,0,1,1,1,0,0,0,0,0,0,0,0
Jordan Goodwin,1630692,0,0,0,0,0,0,0,0,1,1,0,0,0,1,0,1,0,1,0,0,0,1,1,0,1,0,0,0,0,1,0,0,0,1,0,1,1,0,0,0,0,0,1,22.45,0,0,0,0,0,0,1,0,0,0,1,1,1,0,0,0,0,0,0,0,0
Jordan Hawkins,1641722,0,0,0,0,0,0,0,0,0,0,0,0,0,0,0,0,0,0,1,0,0,1,0,0,1,0,0,0,0,0,1,0,0,1,0,0,1,0,0,0,0,0,1,13.57,1,0,0,0,0,0,0,0,0,0,1,1,1,0,0,0,0,0,0,0,0
Jordan McLaughlin,1629162,0,0,0,0,0,0,0,0,0,0,0,0,0,0,0,0,0,1,1,0,0,0,0,0,1,0,0,0,0,0,1,1,0,0,0,0,1,0,0,0,0,0,1,6.4,0,1,0,0,0,0,1,0,0,1,1,1,1,0,0,0,0,0,0,0,0
Jordan Miller,1641757,0,0,0,0,0,0,0,0,0,0,0,0,0,0,0,1,1,0,0,0,0,1,0,0,1,0,0,0,0,1,0,0,0,1,0,0,1,0,0,0,0,0,1,22.08,0,0,0,0,0,0,0,0,0,0,1,1,0,0,0,0,0,0,0,0,0
Jordan Poole,1629673,0,0,0,1,0,0,0,0,0,0,0,0,0,1,0,1,0,0,1,0,0,0,0,0,1,0,0,0,0,0,1,1,0,0,0,1,1,0,0,0,0,0,1,23.93,0,0,0,0,0,0,0,0,0,0,0,1,0,0,0,0,1,0,0,0,0
Jordan Walsh,1641775,0,0,0,0,0,0,0,0,0,0,0,0,0,0,0,0,1,1,0,0,0,1,0,1,0,1,0,0,0,0,0,0,0,1,0,1,1,0,0,0,0,0,1,17.82,1,0,0,0,0,0,0,0,0,0,0,1,0,0,0,0,1,0,0,0,0
Jose Alvarado,1630631,0,0,0,0,0,0,0,0,0,0,0,0,0,1,0,0,0,1,0,0,0,1,0,1,0,1,0,0,0,0,0,1,0,0,0,1,1,0,0,0,0,0,1,19.86,0,0,0,0,0,0,1,0,0,0,1,1,1,1,0,0,0,0,0,0,0
Josh Giddey,1630581,0,0,1,1,0,1,1,1,0,1,0,0,0,1,1,1,0,1,0,0,1,1,0,1,0,0,1,0,0,0,0,1,0,0,0,1,0,0,0,0,1,0,1,32.06,1,0,0,0,0,0,0,1,1,0,1,1,0,0,0,0,0,0,0,0,0
Josh Green,1630182,0,0,0,0,0,0,0,0,0,0,0,0,0,1,0,0,0,1,1,0,0,1,0,1,0,0,0,1,0,0,0,0,1,0,0,0,0,0,0,0,1,0,1,15.65,1,0,0,0,0,0,0,0,0,1,1,1,0,0,0,0,0,0,0,0,0
Josh Hart,1628404,0,0,0,1,0,1,0,1,0,1,0,0,0,1,1,1,1,1,0,0,0,1,0,1,0,1,0,0,0,0,0,1,0,0,0,1,1,0,0,0,0,0,1,30.21,0,1,0,0,0,0,0,0,0,1,1,1,0,0,0,0,0,0,0,0,0
Josh Minott,1631169,0,0,0,0,0,0,0,0,0,0,0,0,0,1,0,0,1,1,0,0,0,0,0,1,0,1,0,0,0,0,0,1,0,0,0,0,1,0,0,0,0,0,1,17.01,1,0,1,0,0,0,0,0,0,1,1,1,0,0,0,0,0,0,0,0,0
Josh Oduro,1642490,0,0,0,0,0,1,0,0,0,0,0,0,0,0,0,1,1,0,0,1,0,0,0,0,1,0,0,0,0,0,1,0,0,0,0,0,1,0,0,0,0,0,1,27.26,1,0,1,0,0,0,1,0,0,0,0,1,0,0,0,0,0,0,0,0,0
Josh Okogie,1629006,0,0,0,0,0,0,0,0,0,0,0,0,0,0,0,0,0,1,0,0,0,1,1,0,1,0,0,0,0,0,1,0,0,1,0,0,0,0,1,0,0,0,1,17.36,0,0,0,0,0,0,0,0,0,0,0,1,0,0,0,0,0,0,0,0,0
Jrue Holiday,201950,0,0,1,1,0,0,0,1,0,1,0,0,0,1,0,1,0,1,1,0,0,1,0,0,1,0,0,0,1,0,0,1,0,0,0,1,1,0,0,0,0,0,1,29.44,0,1,0,0,0,0,0,1,0,0,1,1,1,1,0,0,1,0,0,0,1
Julian Champagnie,1630577,0,0,0,1,0,1,0,0,0,0,0,0,0,1,0,1,0,1,1,0,0,1,1,0,1,0,0,0,0,0,1,0,0,0,1,0,1,0,0,0,0,0,1,27.63,1,0,0,0,0,0,1,0,0,0,1,1,1,0,0,0,0,0,0,0,0
Julian Phillips,1641763,0,0,0,0,0,0,0,0,0,0,0,0,0,0,0,0,0,0,0,0,0,0,0,0,1,0,0,0,1,0,0,1,0,0,0,0,1,0,0,0,0,0,1,8.9,1,0,0,0,0,0,0,0,0,0,0,1,1,0,0,0,0,0,0,0,0
Julian Reese,1642882,0,0,0,1,1,1,0,0,0,1,0,0,0,0,1,1,1,0,0,1,0,0,0,1,0,0,0,1,0,0,0,0,0,0,0,0,1,0,0,0,0,0,1,30.88,1,0,1,0,0,0,1,0,1,0,0,1,0,0,0,0,0,0,0,0,0
Julian Strawther,1631124,0,0,0,0,0,0,0,0,0,0,0,0,0,1,0,0,0,1,1,0,0,1,0,0,1,0,0,0,1,0,0,1,0,0,0,1,1,0,0,0,0,0,1,15.1,1,0,0,0,0,0,0,0,0,0,0,1,1,0,0,0,0,0,0,0,0
Julius Randle,203944,0,1,1,1,0,1,0,1,0,1,0,0,0,1,1,1,0,0,1,0,0,1,1,0,1,0,0,0,1,0,0,0,0,0,1,0,1,0,0,0,0,0,1,33.04,0,1,1,0,0,0,0,1,0,0,0,1,0,0,0,0,0,1,0,0,0
Justin Champagnie,1630551,0,0,0,0,0,1,0,0,0,0,0,0,0,0,0,0,1,0,0,0,0,1,0,1,0,0,0,1,0,0,0,1,0,0,0,1,1,0,0,0,0,0,1,19.96,1,0,0,0,0,0,1,0,0,0,1,1,1,0,0,0,0,0,0,0,0
Justin Edwards,1642348,0,0,0,0,0,0,0,0,0,0,0,0,0,1,0,0,0,1,1,0,0,1,0,1,0,1,0,0,0,0,0,0,1,0,0,1,1,0,0,0,0,0,1,15.27,1,0,0,0,0,0,1,0,0,0,1,1,1,0,0,0,0,0,0,0,0
Jusuf Nurkić,203994,0,0,0,1,1,1,0,1,0,1,0,0,0,0,0,1,1,1,0,0,0,0,0,0,1,0,0,0,1,0,0,0,0,0,1,0,0,0,0,0,0,0,1,26.42,0,1,1,0,0,0,0,0,1,0,0,1,0,0,0,0,0,0,0,0,0
KJ Simpson,1642354,0,0,0,0,0,0,0,0,0,0,0,0,0,0,0,0,0,0,0,0,0,0,0,0,1,0,0,0,1,0,0,0,0,1,0,1,1,0,0,0,0,0,1,12.88,1,0,0,0,0,0,0,0,0,0,0,1,1,0,0,0,0,0,0,0,0
Kadary Richmond,1642955,0,0,0,0,0,0,0,0,1,1,0,0,0,0,0,1,1,1,1,0,0,0,0,1,0,0,0,1,0,0,0,0,0,0,0,0,1,0,0,0,0,0,1,22.27,1,0,0,0,0,0,1,0,0,1,0,1,1,0,0,0,0,0,0,0,0
Kam Jones,1642880,0,0,0,0,0,0,0,0,0,0,0,0,0,0,0,0,0,0,0,0,0,0,0,1,0,0,1,0,0,0,0,1,0,0,0,1,1,0,0,0,0,0,1,16.66,1,0,0,0,0,0,0,0,0,0,1,1,0,0,0,0,0,0,0,0,0
Karl-Anthony Towns,1626157,0,1,1,1,1,1,0,0,0,0,0,0,0,1,1,1,1,1,1,1,0,1,1,1,0,1,0,0,0,0,0,0,0,0,1,0,1,0,0,0,0,0,1,30.96,0,1,1,1,0,0,0,0,1,0,0,1,0,0,0,0,0,1,0,0,0
Karlo Matković,1631255,0,0,0,0,0,0,0,0,0,0,0,0,0,0,0,0,1,1,0,0,0,1,0,0,1,0,0,0,0,0,1,0,1,0,0,1,0,0,0,0,0,0,1,14.71,1,0,1,0,0,0,0,0,0,1,1,1,1,1,0,0,0,0,0,0,0
Kasparas Jakučionis,1642857,0,0,0,0,0,0,0,0,0,0,0,0,0,1,0,0,0,1,1,0,0,1,0,1,0,0,0,1,0,0,0,0,0,1,0,1,0,1,0,0,0,0,1,17.82,1,0,0,0,0,0,0,0,0,1,1,1,1,0,0,0,0,0,0,0,0
Kawhi Leonard,202695,1,1,1,1,0,1,0,0,1,1,0,0,0,1,1,1,1,1,1,0,0,1,0,0,1,0,0,0,0,1,0,1,0,0,0,0,1,0,0,0,0,0,1,32.07,0,1,0,0,0,0,0,0,0,0,1,1,1,1,0,0,1,1,0,0,1
Keaton Wallace,1630811,0,0,0,0,0,0,0,0,0,0,0,0,0,0,0,0,0,1,0,0,0,1,0,1,0,0,0,1,0,0,0,1,0,0,0,0,1,0,0,0,0,0,1,10.11,0,0,0,0,0,0,1,0,0,0,0,1,1,0,0,0,0,0,0,0,0
Keegan Murray,1631099,0,0,0,1,0,1,0,0,0,1,1,1,0,1,1,1,0,0,0,0,0,0,0,0,1,0,0,0,0,1,0,0,1,0,0,1,1,0,0,0,0,0,1,34.48,1,0,1,0,0,0,0,0,0,0,1,1,0,0,0,0,0,0,0,0,0
Kel'el Ware,1642276,0,0,0,1,0,1,0,0,0,0,0,1,0,1,0,1,1,1,0,0,0,1,1,1,0,0,0,1,0,0,0,1,0,0,0,1,1,0,0,0,0,0,1,22.13,1,0,1,1,0,0,0,0,1,0,0,1,0,0,0,0,0,0,0,0,0
Keldon Johnson,1629640,0,0,0,1,0,1,0,0,0,0,0,0,0,1,0,1,1,1,0,0,0,1,1,0,1,0,0,0,0,0,1,1,0,0,0,1,1,0,0,0,0,0,1,23.31,0,0,0,0,0,0,0,0,0,0,1,1,1,0,0,0,0,0,0,0,0
Kelly Olynyk,203482,0,0,0,0,0,0,0,0,0,0,0,0,0,0,0,0,0,0,0,0,0,0,0,0,1,0,0,0,0,0,1,1,0,0,0,0,0,0,0,1,0,0,1,8.58,0,1,1,1,0,0,0,0,0,0,0,1,0,0,0,0,0,0,0,0,0
Kelly Oubre Jr.,1626162,0,0,0,1,0,1,0,0,0,1,0,0,0,1,1,1,0,1,0,0,0,1,0,1,0,1,0,0,0,0,0,1,0,0,0,1,1,0,0,0,0,0,1,31.49,0,1,1,0,0,0,0,0,0,0,1,1,0,0,0,0,0,0,0,0,0
Kennedy Chandler,1631113,0,0,1,1,0,0,0,1,0,1,0,0,0,1,1,1,0,1,0,0,0,0,0,0,1,0,0,0,1,0,0,0,0,0,0,0,1,0,0,0,0,0,1,32.29,1,0,0,0,0,0,0,1,0,0,1,1,1,0,0,0,0,0,0,0,0
Kenrich Williams,1629026,0,0,0,0,0,0,0,0,0,0,0,0,0,0,0,0,0,1,0,0,0,1,0,0,1,0,0,0,1,0,0,0,0,0,1,0,1,0,0,0,0,0,1,15.27,0,1,0,0,0,0,1,0,0,0,0,1,1,0,0,0,1,0,0,0,0
Kentavious Caldwell-Pope,203484,0,0,0,0,0,0,0,0,0,0,0,0,0,1,0,1,0,0,1,0,0,1,0,0,1,0,0,0,0,0,1,1,0,0,0,1,1,0,0,0,0,0,1,21.32,0,1,0,0,0,0,0,0,0,0,1,1,1,0,0,0,1,0,0,0,0
Keon Ellis,1631165,0,0,0,0,0,0,0,0,0,1,0,0,0,1,0,1,0,1,0,0,0,1,1,1,0,0,1,0,0,0,0,0,1,0,0,0,1,0,0,0,0,0,1,20.54,0,0,0,0,0,0,1,0,0,0,1,1,0,0,0,0,0,0,0,0,0
Keshad Johnson,1642352,0,0,0,0,0,0,0,0,0,0,0,0,0,0,0,0,0,0,0,0,0,0,0,1,0,0,0,1,0,0,0,0,1,0,0,0,1,0,0,0,0,0,1,8.74,1,0,0,0,0,0,1,0,0,0,1,1,1,0,0,0,0,0,0,0,0
Keshon Gilbert,1642933,0,0,0,0,0,0,0,0,0,0,0,1,0,0,0,0,0,0,1,0,0,0,0,1,0,0,0,1,0,0,0,0,0,0,0,0,1,0,0,0,0,0,1,18.45,1,0,0,0,0,0,1,0,0,0,1,1,1,0,0,0,0,0,0,0,0
Kevin Durant,201142,1,1,1,1,0,1,0,1,0,0,0,0,0,1,1,1,1,1,1,0,1,1,1,0,1,0,0,0,0,0,1,1,0,0,0,1,1,0,0,0,0,0,1,36.41,0,1,1,0,0,0,0,0,0,1,1,1,0,0,0,0,1,1,0,0,0
Kevin Huerter,1628989,0,0,0,1,0,0,0,0,0,0,0,0,0,1,0,1,0,0,0,0,0,1,0,1,0,0,1,0,0,0,0,0,0,1,0,1,1,0,0,0,0,0,1,22.45,0,0,0,0,0,0,0,0,0,0,1,1,1,0,0,0,0,0,0,0,0
Kevin Love,201567,0,0,0,0,0,1,0,0,0,0,0,0,0,1,0,0,0,1,1,0,0,0,0,0,1,0,0,0,1,0,0,0,0,0,1,0,1,0,0,0,0,0,1,16.56,0,1,1,0,0,0,0,0,0,0,1,1,0,0,0,0,1,1,0,0,0
Kevin McCullar Jr.,1641755,0,0,0,0,0,0,0,0,0,0,0,0,0,0,0,0,0,0,0,0,0,0,0,1,0,1,0,0,0,0,0,1,0,0,0,1,1,0,0,0,0,0,1,7.38,1,0,0,0,0,0,0,0,0,0,1,1,0,0,0,0,0,0,0,0,0
Kevin Porter Jr.,1629645,0,0,1,1,0,1,1,1,1,1,0,0,0,1,1,1,0,0,1,0,0,0,0,1,0,0,1,0,0,0,0,1,0,0,0,1,1,0,0,0,0,0,1,33.18,1,0,0,0,0,0,0,1,0,0,1,1,0,0,0,0,0,0,0,0,0
Kevon Looney,1626172,0,0,0,0,0,1,0,0,0,0,0,0,0,0,0,0,0,0,0,0,0,0,0,0,1,0,0,0,0,0,1,0,0,0,1,1,1,0,0,0,0,0,1,14.64,0,1,1,0,0,0,0,0,0,0,1,1,0,0,0,0,1,0,0,0,0
Keyonte George,1641718,0,1,1,1,0,0,0,1,0,1,0,0,0,1,1,1,0,1,1,0,1,1,0,0,1,0,0,0,1,0,0,1,0,0,0,1,1,0,0,0,0,0,1,33.08,1,0,0,0,0,0,0,1,0,0,1,1,0,1,0,0,0,0,0,0,0
Khaman Maluach,1642863,0,0,0,0,0,0,0,0,0,0,0,0,0,0,0,0,1,0,0,0,0,0,0,0,1,0,0,0,0,1,0,0,1,0,0,0,0,0,1,0,0,0,1,8.94,1,0,1,1,0,0,0,0,0,0,1,1,1,0,0,0,0,0,0,0,0
Khris Middleton,203114,0,0,0,1,0,0,0,0,0,0,0,0,0,1,0,1,0,1,1,0,0,1,0,0,1,0,0,0,0,0,1,0,0,1,0,0,1,0,0,0,0,0,1,22.84,0,1,0,0,0,0,0,0,0,0,1,1,1,0,0,0,1,0,0,0,0
Killian Hayes,1630165,0,0,0,0,0,0,0,0,0,0,0,0,0,0,0,0,0,0,1,0,0,0,0,0,1,0,0,0,0,1,0,1,0,0,0,1,0,1,0,0,0,0,1,17.63,1,0,0,0,0,0,0,0,0,0,1,1,0,0,0,0,0,0,0,0,0
Klay Thompson,202691,0,0,0,1,0,0,0,0,0,0,0,0,0,1,0,1,0,1,0,0,0,1,0,0,1,0,0,0,0,0,1,0,0,0,1,1,1,0,0,0,0,0,1,21.69,0,1,0,0,0,0,0,0,0,0,0,1,1,0,0,0,1,1,0,0,1
Kobe Brown,1641738,0,0,0,0,0,0,0,0,0,0,0,0,0,0,0,0,0,1,0,0,0,1,0,1,0,0,1,0,0,0,0,0,0,1,0,0,1,0,0,0,0,0,1,15.78,0,0,0,0,0,0,0,0,0,0,1,1,0,1,0,0,0,0,0,0,0
Kobe Bufkin,1641723,0,0,0,0,0,0,0,0,0,0,0,0,0,0,0,0,0,0,1,0,0,0,0,0,1,0,0,0,0,1,0,0,0,0,0,0,1,0,0,0,0,0,1,7.47,1,0,0,0,0,0,0,0,0,0,1,1,0,1,0,0,0,0,0,0,0
Kobe Sanders,1642920,0,0,0,0,0,0,0,0,0,0,0,0,0,1,0,0,0,1,1,0,0,1,0,0,1,0,0,0,0,1,0,1,0,0,0,0,1,0,0,0,0,0,1,19.87,1,0,1,0,0,0,0,0,0,1,0,1,1,1,0,0,0,0,0,0,0
Koby Brea,1642886,0,0,0,0,0,0,0,0,0,0,0,0,0,1,0,0,0,1,1,0,0,0,0,0,1,0,0,0,0,1,0,0,1,0,0,0,1,0,0,0,0,0,1,6.99,1,0,0,0,0,0,0,0,0,1,1,1,0,0,0,0,0,0,0,0,0
Kon Knueppel,1642851,0,0,1,1,0,1,0,0,0,0,0,0,1,1,1,1,0,1,1,0,0,1,1,1,0,0,0,1,0,0,0,1,0,0,0,1,1,0,0,0,0,0,1,31.49,1,0,0,0,0,0,0,0,0,1,1,1,1,0,0,0,0,0,0,0,0
Kris Dunn,1627739,0,0,0,0,0,0,0,0,1,1,0,0,0,0,0,1,0,1,0,0,0,1,1,0,1,0,0,0,0,1,0,1,0,0,0,0,1,0,0,0,0,0,1,27.2,0,1,0,0,0,0,0,0,0,0,1,1,0,0,0,0,0,0,0,0,0
Kris Murray,1631200,0,0,0,0,0,0,0,0,0,0,0,0,0,0,0,1,0,0,0,0,0,1,0,0,1,0,0,0,1,0,0,0,0,1,0,0,1,0,0,0,0,0,1,23.39,1,0,1,0,0,0,0,0,0,0,1,1,0,0,0,0,0,0,0,0,0
Kristaps Porziņģis,204001,0,0,1,1,0,1,0,0,0,0,0,1,0,1,0,1,0,0,1,0,0,0,0,0,1,0,0,0,0,1,0,1,0,0,0,1,0,1,0,0,0,0,1,24.03,0,1,1,1,0,0,0,0,0,0,0,1,1,0,0,0,1,0,0,0,0
Kyle Anderson,203937,0,0,0,0,0,0,0,0,0,1,0,0,0,0,0,0,1,1,0,0,0,0,0,0,1,0,0,0,1,0,0,0,1,0,0,0,1,0,0,0,0,0,1,19.84,0,1,1,0,0,0,0,0,0,0,1,1,1,1,0,0,0,0,0,0,0
Kyle Filipowski,1642271,0,0,0,1,0,1,0,0,0,0,0,0,0,0,0,1,0,0,0,0,0,1,1,0,1,0,0,0,1,0,0,0,0,1,0,0,1,0,0,0,0,0,1,23.39,1,0,1,0,0,0,0,0,0,0,1,1,1,1,0,0,0,0,0,0,0
Kyle Kuzma,1628398,0,0,0,1,0,0,0,0,0,0,0,0,0,1,0,1,0,0,0,0,0,1,0,1,0,0,1,0,0,0,0,0,1,0,0,0,1,0,0,0,0,0,1,26.17,0,1,1,0,0,0,0,0,0,0,1,1,0,1,0,0,1,0,0,0,0
Kyle Lowry,200768,0,0,0,0,0,0,0,0,0,0,0,0,0,0,0,0,0,0,1,0,0,0,0,1,0,1,0,0,0,0,0,1,0,0,0,1,1,0,0,0,0,0,1,8.43,0,1,0,0,0,0,0,0,0,0,1,1,0,1,0,0,1,1,0,0,0
Kyshawn George,1642273,0,0,0,1,0,1,0,1,0,1,0,0,0,1,0,1,0,1,1,0,0,0,0,1,0,0,0,1,0,0,0,0,1,0,0,0,0,1,0,0,0,0,1,28.98,1,0,1,0,0,0,0,0,0,0,1,1,0,0,0,0,0,0,0,0,0
LJ Cryer,1643018,0,0,0,0,0,0,0,0,0,0,0,0,0,1,0,0,0,1,1,0,0,0,0,0,1,0,0,0,0,1,0,0,1,0,0,0,1,0,0,0,0,0,1,16.23,1,0,0,0,0,0,1,0,0,0,1,1,0,0,0,0,0,0,0,0,0
LaMelo Ball,1630163,0,1,1,1,0,0,1,1,0,1,0,0,1,1,0,1,0,1,1,0,0,1,1,1,0,0,0,1,0,0,0,1,0,0,0,1,1,0,0,0,0,0,1,28.02,1,0,0,0,0,0,0,1,0,0,1,1,0,1,0,0,0,0,0,0,0
Lachlan Olbrich,1642950,0,0,0,0,0,0,0,0,0,0,0,0,0,0,0,0,0,0,0,0,0,0,0,1,0,0,1,0,0,0,0,0,0,0,1,1,0,0,0,0,1,0,1,9.3,1,0,1,0,0,0,0,0,0,0,0,1,1,0,0,0,0,0,0,0,0
Landry Shamet,1629013,0,0,0,0,0,0,0,0,0,0,0,0,0,1,0,1,0,1,0,0,0,1,0,1,0,1,0,0,0,0,0,0,0,0,1,0,1,0,0,0,0,0,1,22.96,0,0,0,0,0,0,0,0,0,0,0,1,0,0,0,0,0,0,0,0,0
Larry Nance Jr.,1626204,0,0,0,0,0,0,0,0,0,0,0,0,0,0,0,0,0,0,0,0,0,0,0,1,0,0,1,0,0,0,0,0,0,1,0,0,1,0,0,0,0,0,1,12.82,0,1,0,0,0,0,0,0,0,0,1,1,0,0,0,0,0,0,0,0,0
Lauri Markkanen,1628374,1,1,1,1,0,1,0,0,0,1,0,0,0,1,1,1,0,1,1,0,0,0,0,0,1,0,0,0,1,0,0,0,0,1,0,1,0,1,0,0,0,0,1,34.35,0,0,1,1,0,0,0,0,0,0,1,1,1,1,0,0,0,0,0,0,0
Lawson Lovering,1643133,0,0,0,0,0,1,0,0,1,1,0,0,0,0,0,1,1,0,0,1,0,0,0,0,1,0,0,0,0,0,1,0,0,0,0,0,1,0,0,0,0,0,1,24.63,1,0,1,1,0,0,1,0,0,0,1,1,1,0,0,0,0,0,0,0,0
LeBron James,2544,0,1,1,1,0,1,1,1,0,1,0,0,0,1,1,1,1,0,0,0,0,1,0,0,1,0,0,0,0,1,0,0,0,1,0,1,1,0,0,0,0,0,1,33.15,0,1,1,0,0,0,0,1,0,0,1,1,0,0,0,0,1,1,0,0,1
Leaky Black,1641778,0,0,0,0,0,1,0,0,0,1,0,0,0,1,0,1,0,0,1,0,0,0,0,1,0,0,0,1,0,0,0,0,1,0,0,0,1,0,0,0,0,0,1,28.87,0,0,0,0,0,0,1,0,0,0,1,1,0,0,0,0,0,0,0,0,0
Leonard Miller,1631159,0,0,0,0,0,0,0,0,0,0,0,0,0,0,0,0,1,0,0,0,0,0,0,1,0,0,1,0,0,0,0,0,1,0,0,1,0,0,0,1,0,0,1,15.62,1,0,1,0,0,0,0,0,0,0,1,1,0,0,0,0,0,0,0,0,0
Liam McNeeley,1642862,0,0,0,0,0,0,0,0,0,0,0,0,0,0,0,0,0,1,1,0,0,0,0,1,0,0,0,1,0,0,0,0,0,0,1,1,1,0,0,0,0,0,1,11.86,1,0,0,0,0,0,0,0,0,1,1,1,1,0,0,0,0,0,0,0,0
Lindy Waters III,1630322,0,0,0,0,0,0,0,0,0,0,0,0,0,0,0,0,0,0,0,0,0,0,0,0,1,0,0,0,0,0,1,0,0,0,1,1,1,0,0,0,0,0,1,7.12,0,0,0,0,0,0,1,0,0,0,1,1,0,0,0,0,0,0,0,0,0
Lonzo Ball,1628366,0,0,0,0,0,0,0,0,0,1,0,0,0,1,0,1,0,0,0,0,0,0,0,1,0,0,1,0,0,0,0,0,0,0,0,0,1,0,0,0,0,0,1,20.79,0,0,0,0,0,0,0,0,0,0,1,1,0,1,0,0,0,0,0,0,0
Lucas Williamson,1631351,0,0,0,1,0,1,0,0,1,1,0,0,0,1,1,1,0,0,1,0,0,0,0,0,1,0,0,0,0,0,1,0,0,0,0,0,1,0,0,0,0,0,1,31.96,0,0,0,0,0,0,1,0,0,0,0,1,1,0,0,0,0,0,0,0,0
Luguentz Dort,1629652,0,0,0,0,0,0,0,0,0,0,0,0,0,1,0,1,0,0,0,0,0,1,0,0,1,0,0,0,1,0,0,1,0,0,0,1,0,0,0,1,0,0,1,26.79,0,0,0,0,0,0,1,0,0,0,1,1,0,0,0,0,1,0,0,0,1
Luka Dončić,1629029,1,1,1,1,0,1,1,1,1,1,0,0,1,1,1,1,0,1,0,0,1,1,0,0,1,0,0,0,0,1,0,0,0,0,1,1,0,1,0,0,0,0,1,35.76,0,0,1,0,0,0,0,1,0,0,1,1,0,1,0,0,0,1,0,0,0
Luka Garza,1630568,0,0,0,0,0,0,0,0,0,0,0,0,0,0,0,0,1,1,0,0,0,1,0,1,0,1,0,0,0,0,0,0,0,0,1,0,1,0,0,0,0,0,1,16.2,0,0,1,0,0,0,0,0,0,1,1,1,0,1,0,0,0,0,0,0,0
Luke Kennard,1628379,0,0,0,0,0,0,0,0,0,0,0,0,0,1,0,1,1,1,1,0,0,1,1,0,1,0,0,0,0,1,0,0,1,0,0,0,1,0,0,0,0,0,1,21.54,0,0,0,0,0,0,0,0,0,1,1,1,1,1,0,0,0,0,0,0,0
Luke Kornet,1628436,0,0,0,0,0,1,0,0,0,0,0,0,0,0,0,1,1,0,1,0,0,1,0,0,1,0,0,0,0,0,1,1,0,0,0,1,1,0,0,0,0,0,1,21.03,0,1,1,1,0,0,1,0,0,0,1,1,0,1,0,0,1,0,0,0,0
Luke Travers,1631247,0,0,0,0,0,0,0,0,0,0,0,0,0,0,0,0,0,0,1,0,0,0,0,1,0,0,1,0,0,0,0,0,0,0,0,0,0,0,0,0,1,0,1,8.59,1,0,0,0,0,0,0,0,0,0,0,1,1,1,0,0,0,0,0,0,0
Mac McClung,1630644,0,0,0,0,0,0,0,0,0,1,0,0,0,0,0,0,0,0,0,0,0,0,0,1,0,0,1,0,0,0,0,1,0,0,0,1,1,0,0,0,0,0,1,12.29,0,0,0,0,0,0,1,0,0,0,1,1,1,0,0,0,0,0,0,0,0
Malachi Smith,1641869,0,0,0,0,0,0,0,0,0,0,0,0,0,1,0,1,0,1,1,0,0,0,0,1,0,1,0,0,0,0,0,0,1,0,0,0,1,0,0,0,0,0,1,23.92,0,0,0,0,0,0,1,0,0,1,0,1,0,1,0,0,0,0,0,0,0
Malaki Branham,1631103,0,0,0,0,0,0,0,0,0,0,0,0,0,0,0,0,0,1,1,0,0,0,0,1,0,0,0,1,0,0,0,0,0,0,0,0,1,0,0,0,0,0,1,9.84,1,0,0,0,0,0,0,0,0,0,1,1,1,1,0,0,0,0,0,0,0
Malevy Leons,1642502,0,0,0,0,0,0,0,0,0,0,0,0,0,0,0,0,0,0,0,0,0,0,0,0,1,0,0,0,0,1,0,0,0,0,1,1,0,1,0,0,0,0,1,11.06,0,0,1,0,0,0,1,0,0,0,1,1,0,0,0,0,0,0,0,0,0
Malik Monk,1628370,0,0,0,1,0,0,0,0,0,0,0,0,0,1,0,1,0,1,1,0,0,1,0,0,1,0,0,0,0,1,0,1,0,0,0,0,1,0,0,0,0,0,1,21.99,0,0,0,0,0,0,0,0,0,0,1,1,0,0,0,0,0,0,0,0,0
MarJon Beauchamp,1630699,0,0,0,0,0,0,0,0,0,0,0,0,0,1,0,0,0,0,0,0,0,0,0,1,0,1,0,0,0,0,0,0,1,0,0,0,1,0,0,0,0,0,1,14.01,1,0,0,0,0,0,0,0,0,0,1,1,1,0,0,0,0,0,0,0,0
Marcus Sasser,1631204,0,0,0,0,0,0,0,0,0,0,0,0,0,1,0,0,0,1,1,0,0,0,0,1,0,0,1,0,0,0,0,0,0,1,0,1,1,0,0,0,0,0,1,12.01,1,0,0,0,0,0,0,0,0,1,0,1,0,0,0,0,0,0,0,0,0
Marcus Smart,203935,0,0,0,0,0,0,0,0,0,1,0,0,0,1,0,1,0,0,1,0,0,1,0,0,1,0,0,0,0,1,0,0,0,0,1,0,1,0,0,0,0,0,1,28.53,0,1,0,0,0,0,0,0,0,0,0,1,0,0,0,0,0,0,0,0,1
Mark Sears,1641813,0,0,0,0,0,0,0,0,0,0,0,0,0,0,0,0,0,1,0,0,0,0,0,1,0,0,1,0,0,0,0,0,0,0,0,0,1,0,0,0,0,0,1,3.73,1,0,0,0,0,0,1,0,0,1,0,1,0,0,0,0,0,0,0,0,0
Mark Williams,1631109,0,0,0,1,0,1,0,0,0,0,0,0,0,0,0,1,1,1,0,1,0,1,0,0,1,0,0,0,0,1,0,0,1,0,0,1,1,0,0,0,0,0,1,23.6,1,0,1,1,0,0,0,0,0,1,0,1,1,0,0,0,0,0,0,0,0
Markelle Fultz,1628365,0,0,0,0,0,0,0,0,0,0,0,0,0,0,0,0,0,0,0,0,0,0,0,1,0,1,0,0,0,0,0,0,0,0,0,0,1,0,0,0,0,0,1,7.15,0,0,0,0,0,0,0,0,0,0,1,1,0,1,0,0,0,0,0,0,0
Marvin Bagley III,1628963,0,0,0,1,0,1,0,0,0,0,0,0,0,0,0,1,1,1,0,0,0,1,0,0,1,0,0,0,0,0,1,0,0,0,1,1,1,0,0,0,0,0,1,20.02,0,0,1,0,0,0,0,0,0,1,1,1,0,0,0,0,0,0,0,0,0
Mason Plumlee,203486,0,0,0,0,0,0,0,0,0,0,0,0,0,0,0,0,1,0,0,0,0,0,0,0,1,0,0,0,0,0,1,0,0,0,1,1,1,0,0,0,0,0,1,8.57,0,1,1,1,0,0,0,0,0,0,0,1,1,0,0,0,0,0,0,0,0
Matas Buzelis,1641824,0,0,1,1,0,1,0,0,0,0,1,1,0,1,0,1,0,0,0,0,0,1,1,1,0,0,1,0,0,0,0,0,1,0,0,0,1,0,0,0,0,0,1,29.2,1,0,1,0,0,0,0,0,0,0,1,1,1,0,0,0,0,0,0,0,0
Matisse Thybulle,1629680,0,0,0,0,0,0,0,0,1,1,0,0,0,1,0,0,0,1,1,0,0,0,0,0,1,0,0,0,1,0,0,1,0,0,0,0,1,0,0,0,0,0,1,15.99,0,0,0,0,0,0,0,0,0,0,0,1,1,1,0,0,0,0,0,0,1
Max Christie,1631108,0,0,0,1,0,0,0,0,0,0,0,0,0,1,0,1,0,1,1,0,0,1,1,0,1,0,0,0,0,0,1,1,0,0,0,0,1,0,0,0,0,0,1,29.15,1,0,0,0,0,0,0,0,0,1,1,1,1,0,0,0,0,0,0,0,0
Max Shulga,1642917,0,0,0,0,0,0,0,0,0,0,0,0,0,0,0,0,0,0,1,0,0,0,0,1,0,1,0,0,0,0,0,0,0,0,1,0,0,1,0,0,0,0,1,3.3,1,0,0,0,0,0,0,0,0,0,0,1,0,0,0,0,0,0,0,0,0
Max Strus,1629622,0,0,0,1,0,1,0,0,0,0,0,0,0,1,0,1,0,1,0,0,0,0,0,1,0,0,1,0,0,0,0,1,0,0,0,0,1,0,0,0,0,0,1,24.02,0,1,0,0,0,0,1,0,0,1,0,1,0,0,0,0,0,0,0,0,0
Maxi Kleber,1628467,0,0,0,0,0,0,0,0,0,0,0,0,0,0,0,0,0,0,0,0,0,0,0,0,1,0,0,0,0,1,0,0,1,0,0,0,0,1,0,0,0,0,1,10.72,0,1,1,0,0,0,1,0,0,0,1,1,0,1,0,0,0,0,0,0,0
Maxime Raynaud,1642875,0,0,0,1,0,1,0,0,0,0,0,0,0,0,0,1,1,0,0,0,0,1,1,0,1,0,0,0,0,1,0,0,0,0,1,0,0,1,0,0,0,0,1,26.54,1,0,1,1,0,0,0,0,0,0,0,1,1,1,0,0,0,0,0,0,0
Micah Peavy,1642877,0,0,0,0,0,0,0,0,0,0,0,0,0,0,0,0,0,0,0,0,0,1,0,0,1,0,0,0,0,0,1,0,1,0,0,0,1,0,0,0,0,0,1,14.97,1,0,0,0,0,0,0,0,0,0,0,1,0,0,0,0,0,0,0,0,0
Micah Potter,1630695,0,0,0,0,0,0,0,0,0,0,0,0,0,1,0,0,1,1,1,0,0,0,0,1,0,0,1,0,0,0,0,0,1,0,0,1,1,0,0,0,0,0,1,19.33,0,0,1,0,0,0,1,0,0,1,0,1,0,0,0,0,0,0,0,0,0
Michael Porter Jr.,1629008,0,1,1,1,0,1,0,0,0,1,0,0,1,1,1,1,0,1,1,0,0,1,0,1,0,1,0,0,0,0,0,0,1,0,0,1,1,0,0,0,0,0,1,32.47,0,0,1,0,0,0,0,0,0,0,1,1,0,0,0,0,1,0,0,0,0
Mikal Bridges,1628969,0,0,0,1,0,0,0,0,0,1,0,0,0,1,1,1,0,1,1,0,0,1,1,1,0,1,0,0,0,0,0,0,0,1,0,1,1,0,0,0,0,0,1,32.83,0,0,0,0,0,0,0,0,0,0,1,1,1,0,0,0,0,0,0,0,1
Mike Conley,201144,0,0,0,0,0,0,0,0,0,0,0,0,0,1,0,0,0,0,1,0,0,1,0,0,1,0,0,0,1,0,0,0,1,0,0,0,1,0,0,0,0,0,1,18.36,0,1,0,0,0,0,0,0,0,0,1,1,0,1,0,0,0,0,0,0,1
Miles Bridges,1628970,0,0,1,1,0,1,0,0,0,0,0,0,0,1,1,1,0,0,1,0,0,1,1,1,0,0,0,1,0,0,0,1,0,0,0,0,1,0,0,0,0,0,1,31.0,0,0,0,0,0,0,0,0,0,0,1,1,1,0,0,0,0,0,0,0,0
Miles Kelly,1642939,0,0,0,0,0,0,0,0,0,0,0,0,0,0,0,0,0,0,1,0,0,0,0,0,1,0,0,0,0,0,1,0,0,0,0,0,1,0,0,0,0,0,1,9.55,1,0,0,0,0,0,1,0,0,0,1,1,0,0,0,0,0,0,0,0,0
Miles McBride,1630540,0,0,0,1,0,0,0,0,0,0,0,0,0,1,0,1,0,1,0,0,0,0,0,1,0,1,0,0,0,0,0,1,0,0,0,0,1,0,0,0,0,0,1,26.34,1,0,0,0,0,0,0,0,0,1,1,1,1,0,0,0,0,0,0,0,0
Mitchell Robinson,1629011,0,0,0,0,0,1,0,0,0,0,0,1,0,0,0,0,1,0,0,1,0,1,0,1,0,1,0,0,0,0,0,0,0,1,0,1,1,0,0,0,0,0,1,19.58,0,0,1,1,0,0,0,0,1,0,0,1,1,0,0,0,0,0,0,0,0
Mo Bamba,1628964,0,0,0,0,0,1,0,0,0,0,0,0,0,0,0,0,0,0,0,0,0,0,0,0,1,0,0,0,1,0,0,0,0,0,0,0,1,0,0,0,0,0,1,10.95,0,0,1,1,0,0,0,0,0,0,1,1,0,1,0,0,0,0,0,0,0
Mohamed Diawara,1642885,0,0,0,0,0,0,0,0,0,0,0,0,0,0,0,0,0,1,0,0,0,1,0,1,0,1,0,0,0,0,0,0,0,0,1,1,0,1,0,0,0,0,1,9.19,1,0,1,0,0,0,0,0,0,0,1,1,1,0,0,0,0,0,0,0,0
Monte Morris,1628420,0,0,0,0,0,0,0,0,0,0,0,0,0,0,0,0,0,0,0,0,0,0,0,1,0,0,1,0,0,0,0,0,0,0,0,0,1,0,0,0,0,0,1,10.77,0,1,0,0,0,0,0,0,0,0,1,1,0,1,0,0,0,0,0,0,0
Moritz Wagner,1629021,0,0,0,0,0,0,0,0,0,0,0,0,0,0,0,0,0,0,1,0,0,0,0,1,0,0,0,1,0,0,0,0,0,1,0,1,0,1,0,0,0,0,1,11.85,0,0,1,0,0,0,0,0,0,0,0,1,0,0,0,0,0,0,0,0,0
Moses Moody,1630541,0,0,0,1,0,0,0,0,0,0,0,0,0,1,0,1,0,1,0,0,0,1,0,0,1,0,0,0,0,1,0,1,0,0,0,0,1,0,0,0,0,0,1,25.66,1,0,0,0,0,0,0,0,0,1,1,1,0,0,0,0,1,0,0,0,0
Mouhamadou Gueye,1631338,0,0,0,0,0,0,0,0,0,1,0,0,0,0,0,1,1,0,0,0,0,0,0,1,0,0,1,0,0,0,0,0,1,0,0,0,1,0,0,0,0,0,1,22.72,0,0,1,0,0,0,1,0,0,0,1,1,0,1,0,0,0,0,0,0,0
Mouhamed Gueye,1631243,0,0,0,0,0,0,0,0,0,0,0,0,0,0,0,0,0,0,0,0,0,1,1,1,0,0,0,1,0,0,0,0,1,0,0,0,0,0,1,0,0,0,1,15.31,1,0,1,0,0,0,0,0,0,0,1,1,0,0,0,0,0,0,0,0,0
Moussa Cisse,1630619,0,0,0,0,0,1,0,0,0,0,0,1,0,0,0,0,1,0,0,0,0,0,0,0,1,0,0,0,0,0,1,0,0,0,1,0,0,0,1,0,0,0,1,13.94,1,0,1,0,0,0,1,0,0,0,1,1,0,1,0,0,0,0,0,0,0
Moussa Diabaté,1631217,0,0,0,0,0,1,0,0,0,0,0,0,0,0,0,1,1,1,0,1,0,1,1,1,0,0,0,1,0,0,0,0,1,0,0,0,0,1,0,0,0,0,1,26.01,1,0,1,0,0,0,0,0,1,1,1,1,1,1,0,0,0,0,0,0,0
Myles Turner,1626167,0,0,0,1,0,1,0,0,0,0,1,1,0,1,0,1,0,1,0,0,0,1,1,1,0,0,1,0,0,0,0,1,0,0,0,1,1,0,0,0,0,0,1,26.93,0,1,1,0,0,0,0,0,0,0,0,1,0,0,0,0,0,0,0,0,0
Myron Gardner,1642066,0,0,0,0,0,0,0,0,0,0,0,0,0,0,0,0,0,1,0,0,0,0,0,1,0,0,0,1,0,0,0,0,1,0,0,1,1,0,0,0,0,0,1,9.12,1,0,0,0,0,0,1,0,0,1,1,1,1,0,0,0,0,0,0,0,0
N'Faly Dante,1642368,0,0,0,0,0,0,0,0,0,0,0,0,0,0,0,0,0,0,1,0,0,0,0,1,0,0,0,1,0,0,0,0,0,0,0,0,0,0,1,0,0,0,1,3.85,1,0,1,0,0,0,1,0,0,0,1,0,0,0,0,0,0,0,0,0,0
Nae'Qwan Tomlin,1641772,0,0,0,0,0,0,0,0,0,0,0,0,0,0,0,0,0,0,0,0,0,1,0,1,0,0,1,0,0,0,0,0,0,0,1,1,1,0,0,0,0,0,1,15.68,1,0,1,0,0,0,1,0,0,0,0,0,0,0,0,0,0,0,0,0,0
Naji Marshall,1630230,0,0,1,1,0,0,0,0,0,1,0,0,0,0,0,1,1,0,0,0,0,1,1,0,1,0,0,0,0,0,1,0,1,0,0,1,1,0,0,0,0,0,1,29.51,0,0,0,0,0,0,1,0,0,0,1,0,1,1,0,0,0,0,0,0,0
Nate Williams,1631466,0,0,0,0,0,0,0,0,0,0,0,0,0,0,0,0,0,1,1,0,0,0,0,0,1,0,0,0,0,1,0,0,1,0,0,1,1,0,0,0,0,0,1,17.08,0,0,0,0,0,0,1,0,0,1,0,0,1,1,0,0,0,0,0,0,0
Naz Reid,1629675,0,0,0,1,0,1,0,0,0,0,0,1,0,1,0,1,0,1,0,0,0,1,1,0,1,0,0,0,1,0,0,0,1,0,0,1,1,0,0,0,0,0,1,26.07,0,0,1,0,0,0,1,0,0,0,0,0,0,0,0,0,0,0,0,0,0
Neemias Queta,1629674,0,0,0,1,0,1,0,0,0,0,0,1,0,0,0,1,1,0,0,1,0,1,1,1,0,1,0,0,0,0,0,0,0,0,1,0,0,1,0,0,0,0,1,25.34,0,0,1,1,0,0,0,0,1,0,0,0,0,0,0,0,1,0,0,0,0
Nic Claxton,1629651,0,0,0,1,0,1,0,0,0,0,0,1,0,0,0,1,1,0,0,0,0,1,0,1,0,1,0,0,0,0,0,0,0,0,1,1,1,0,0,0,0,0,1,27.83,0,0,1,0,0,0,0,0,0,0,1,0,1,0,0,0,0,0,0,0,0
Nick Richards,1630208,0,0,0,0,0,1,0,0,0,0,0,0,0,0,0,0,1,0,0,0,0,0,0,1,0,0,1,0,0,0,0,0,1,0,0,1,0,0,0,0,0,0,1,14.6,0,0,1,0,0,0,0,0,0,0,0,0,1,0,0,0,0,0,0,0,0
Nick Smith Jr.,1641733,0,0,0,0,0,0,0,0,0,0,0,0,0,1,0,0,0,1,0,0,0,0,0,0,1,0,0,0,0,1,0,0,0,1,0,0,1,0,0,0,0,0,1,12.5,1,0,0,0,0,0,0,0,0,0,1,0,0,0,0,0,0,0,0,0,0
Nickeil Alexander-Walker,1629638,0,1,1,1,0,0,0,0,0,1,0,0,1,1,1,1,0,1,1,0,0,1,1,1,0,0,0,1,0,0,0,1,0,0,0,1,0,0,0,1,0,0,1,33.37,0,0,0,0,0,0,0,0,0,0,1,0,1,0,0,0,0,0,0,0,0
Nicolas Batum,201587,0,0,0,0,0,0,0,0,0,0,0,0,0,1,0,0,0,1,1,0,0,1,1,0,1,0,0,0,0,1,0,0,0,0,1,1,0,1,0,0,0,0,1,17.49,0,1,0,0,0,0,0,0,0,1,1,0,0,0,0,0,0,0,0,0,0
Nigel Hayes-Davis,1628502,0,0,0,0,0,0,0,0,0,0,0,0,0,0,0,0,0,0,0,0,0,0,0,0,1,0,0,0,0,1,0,0,0,0,0,0,1,0,0,0,0,0,1,7.23,0,1,0,0,0,0,1,0,0,0,1,0,1,0,0,0,0,0,0,0,0
Nikola Jokić,203999,1,1,1,1,1,1,1,1,0,1,0,0,0,1,1,1,1,1,1,0,1,1,0,0,1,0,0,0,1,0,0,0,1,0,0,1,0,1,0,0,0,0,1,34.84,0,1,1,0,0,0,0,1,1,0,1,0,0,1,0,0,1,1,0,0,0
Nikola Jović,1631107,0,0,0,0,0,0,0,0,0,0,0,0,0,0,0,0,0,0,0,0,0,0,0,1,0,0,0,1,0,0,0,1,0,0,0,1,0,1,0,0,0,0,1,17.19,1,0,1,0,0,0,0,0,0,0,1,0,0,1,0,0,0,0,0,0,0
Nikola Topić,1642260,0,0,0,0,0,0,0,1,0,0,0,0,0,0,0,0,0,1,0,0,0,0,0,0,1,0,0,0,1,0,0,0,0,0,1,0,0,1,0,0,0,0,1,16.01,1,0,0,0,0,0,0,0,0,1,0,0,0,1,0,0,1,0,0,0,0
Nikola Vučević,202696,0,0,1,1,0,1,0,0,0,0,0,0,0,1,0,1,0,1,1,0,0,1,0,1,0,1,0,0,0,0,0,1,0,0,0,0,0,1,0,0,0,0,1,28.41,0,1,1,0,0,0,0,0,1,0,0,0,1,1,0,0,0,0,0,0,0
Nique Clifford,1642363,0,0,0,0,0,0,0,0,0,0,0,0,0,1,0,1,0,0,0,0,0,1,1,0,1,0,0,0,0,1,0,1,0,0,0,1,1,0,0,0,0,0,1,25.09,1,0,0,0,0,0,0,0,0,0,1,0,1,1,0,0,0,0,0,0,0
Noa Essengue,1642855,0,0,0,0,0,0,0,0,0,0,0,0,0,0,0,0,0,0,0,0,0,0,0,1,0,0,1,0,0,0,0,0,0,1,0,0,0,1,0,0,0,0,1,3.02,1,0,1,0,0,0,0,0,0,0,1,0,1,1,0,0,0,0,0,0,0
Noah Clowney,1641730,0,0,0,1,0,0,0,0,0,0,0,0,0,1,0,1,0,0,1,0,0,1,0,1,0,1,0,0,0,0,0,0,0,1,0,1,1,0,0,0,0,0,1,26.97,1,0,1,0,0,0,0,0,0,0,1,0,1,0,0,0,0,0,0,0,0
Noah Penda,1642869,0,0,0,0,0,0,0,0,0,0,0,0,0,0,0,0,0,0,0,0,0,1,0,1,0,0,0,1,0,0,0,0,0,0,1,1,0,1,0,0,0,0,1,12.84,1,0,0,0,0,0,0,0,0,0,0,0,0,0,0,0,0,0,0,0,0
Nolan Traore,1642849,0,0,0,0,0,0,0,0,0,0,0,0,0,1,0,1,0,0,0,0,0,1,0,1,0,1,0,0,0,0,0,0,0,0,1,0,0,1,0,0,0,0,1,22.2,1,0,0,0,0,0,0,0,0,0,0,0,0,0,0,0,0,0,0,0,0
Norchad Omier,1641807,0,0,0,0,0,0,0,0,0,0,0,0,0,0,0,0,1,0,1,0,0,0,0,0,1,0,0,0,0,1,0,0,0,0,0,0,0,0,0,0,0,0,1,3.94,1,0,0,0,0,0,1,0,0,0,0,0,0,0,0,0,0,0,0,0,0
Norman Powell,1626181,0,1,1,1,0,0,0,0,0,1,0,0,0,1,0,1,0,1,1,0,0,1,0,1,0,0,0,1,0,0,0,0,0,1,0,0,1,0,0,0,0,0,1,29.6,0,1,0,0,0,0,0,0,0,0,0,0,0,0,0,0,1,0,0,0,0
OG Anunoby,1628384,0,0,1,1,0,1,0,0,1,1,0,0,0,1,1,1,0,1,1,0,0,1,0,1,0,1,0,0,0,0,0,1,0,0,0,0,0,0,0,0,0,0,1,33.19,0,0,0,0,0,0,0,0,0,0,1,0,1,0,0,0,1,0,0,0,1
Obi Toppin,1630167,0,0,0,1,0,0,0,0,0,0,0,0,0,1,0,0,1,1,1,0,0,0,0,1,0,0,1,0,0,0,0,1,0,0,0,1,1,0,0,0,0,0,1,17.66,0,0,1,0,0,0,0,0,0,0,0,0,0,1,0,0,0,0,0,0,0
Ochai Agbaji,1630534,0,0,0,0,0,0,0,0,0,0,0,0,0,0,0,0,0,0,1,0,0,1,0,1,0,1,0,0,0,0,0,0,0,0,1,0,1,0,0,0,0,0,1,15.7,1,0,0,0,0,0,0,0,0,0,1,0,0,1,0,0,0,0,0,0,0
Olivier Sarr,1630846,0,0,0,0,0,0,0,0,0,0,0,0,0,0,0,0,1,1,0,0,0,0,0,1,0,0,1,0,0,0,0,0,0,0,1,1,0,1,0,0,0,0,1,9.84,0,0,1,0,0,0,1,0,0,1,0,0,0,0,0,0,0,0,0,0,0
Olivier-Maxence Prosper,1641765,0,0,0,1,0,0,0,0,0,0,0,0,0,1,0,0,1,1,0,0,0,1,0,0,1,0,0,0,0,0,1,0,1,0,0,0,0,0,0,1,0,0,1,18.56,1,0,0,0,0,0,0,0,0,1,0,0,1,1,0,0,0,0,0,0,0
Omer Yurtseven,1630209,0,0,0,0,0,0,0,0,0,0,0,0,0,0,0,0,0,0,0,0,0,0,0,0,1,0,0,0,0,1,0,0,0,0,0,0,0,1,0,0,0,0,1,11.55,0,0,1,0,0,0,1,0,0,0,0,0,1,0,0,0,0,0,0,0,0
Onyeka Okongwu,1630168,0,0,1,1,0,1,0,0,0,1,0,1,0,1,1,1,0,1,0,0,0,1,1,1,0,0,0,1,0,0,0,0,1,0,0,1,1,0,0,0,0,0,1,31.04,1,0,1,0,0,0,0,0,0,0,0,0,1,1,0,0,0,0,0,0,0
Orlando Robinson,1631115,0,0,0,0,0,0,0,0,0,0,0,0,0,0,0,0,1,1,0,0,0,0,0,1,0,0,0,1,0,0,0,0,0,0,0,0,1,0,0,0,0,0,1,6.2,1,0,1,0,0,0,1,0,0,1,0,0,1,1,0,0,0,0,0,0,0
Oscar Tshiebwe,1631131,0,0,0,0,0,1,0,0,0,0,0,0,0,0,0,0,1,0,0,0,0,0,0,0,1,0,0,0,1,0,0,0,0,0,1,0,0,0,0,0,0,0,1,16.61,0,0,1,0,0,0,1,0,0,0,0,0,1,0,0,0,0,0,0,0,0
Oso Ighodaro,1642345,0,0,0,0,0,1,0,0,0,0,0,0,0,0,0,1,1,0,0,0,0,1,1,0,1,0,0,0,0,1,0,0,1,0,0,1,1,0,0,0,0,0,1,22.05,1,0,1,0,0,0,0,0,0,0,1,0,1,1,0,0,0,0,0,0,0
Ousmane Dieng,1631172,0,0,0,0,0,0,0,0,0,0,0,0,0,1,0,0,0,0,0,0,0,1,0,1,0,0,1,0,0,0,0,0,0,1,0,1,0,1,0,0,0,0,1,19.29,1,0,1,0,0,0,0,0,0,0,1,0,0,1,0,0,1,0,0,0,0
P.J. Washington,1629023,0,0,0,1,0,1,0,0,0,0,0,1,0,1,1,1,0,0,0,0,0,1,0,0,1,0,0,0,0,0,1,0,0,1,0,1,1,0,0,0,0,0,1,30.99,0,0,0,0,0,0,0,0,0,0,0,0,1,0,0,0,0,0,0,0,0
PJ Hall,1641790,0,0,0,0,0,0,0,0,0,0,0,0,0,0,0,0,1,1,0,0,0,0,0,1,0,0,0,1,0,0,0,0,1,0,0,0,1,0,0,0,0,0,1,11.23,1,0,1,0,0,0,1,0,0,1,1,0,0,0,0,0,0,0,0,0,0
Pacôme Dadiet,1642359,0,0,0,0,0,0,0,0,0,0,0,0,0,0,0,0,0,0,1,0,0,0,0,1,0,1,0,0,0,0,0,1,0,0,0,0,0,1,0,0,0,0,1,4.68,1,0,1,0,0,0,0,0,0,0,1,0,0,1,0,0,0,0,0,0,0
Paolo Banchero,1631094,0,1,1,1,0,1,0,1,0,0,0,0,0,1,1,1,0,0,0,0,1,1,1,1,0,0,0,1,0,0,0,1,0,0,0,1,1,0,0,0,0,0,1,34.75,1,0,1,0,0,0,0,1,1,0,1,0,1,1,0,0,0,0,0,0,0
Pascal Siakam,1627783,0,1,1,1,0,1,0,0,0,1,0,0,0,1,1,1,0,1,0,0,0,1,0,1,0,0,1,0,0,0,0,0,0,0,1,1,0,0,1,0,0,0,1,33.17,0,1,1,0,0,0,0,0,0,0,0,0,0,0,0,0,1,1,0,0,0
Pat Connaughton,1626192,0,0,0,0,0,0,0,0,0,0,0,0,0,0,0,0,0,1,0,0,0,0,0,1,0,0,0,1,0,0,0,0,0,1,0,1,1,0,0,0,0,0,1,7.06,0,1,0,0,0,0,0,0,0,1,1,0,1,0,0,0,1,0,0,0,0
Pat Spencer,1630311,0,0,0,0,0,0,0,0,0,0,0,0,0,0,0,0,0,1,0,0,0,1,0,0,1,0,0,0,0,1,0,0,0,0,1,1,1,0,0,0,0,0,1,18.62,0,0,0,0,0,0,1,0,0,0,0,0,1,0,0,0,0,0,0,0,0
Patrick Baldwin Jr.,1631116,0,0,0,0,0,0,0,0,0,0,0,0,0,0,0,0,0,1,0,0,0,0,0,0,1,0,0,0,0,1,0,0,0,1,0,1,1,0,0,0,0,0,1,11.39,1,0,1,1,0,0,0,0,0,1,1,0,0,0,0,0,0,0,0,0,0
Patrick Williams,1630172,0,0,0,0,0,0,0,0,0,0,0,0,0,1,0,1,0,0,0,0,0,1,1,1,0,0,1,0,0,0,0,0,0,0,1,0,1,0,0,0,0,0,1,20.47,1,0,0,0,0,0,0,0,0,0,0,0,1,0,0,0,0,0,0,0,0
Paul George,202331,0,0,1,1,0,1,0,0,1,1,0,0,0,1,1,1,0,1,1,0,0,0,0,1,0,1,0,0,0,0,0,1,0,0,0,0,1,0,0,0,0,0,1,30.68,0,1,1,0,0,0,0,0,0,0,1,0,0,0,0,0,0,1,0,0,1
Paul Reed,1630194,0,0,0,0,0,0,0,0,0,0,0,0,0,0,0,0,1,0,0,0,0,1,0,1,0,0,1,0,0,0,0,1,0,0,0,1,1,0,0,0,0,0,1,13.86,0,0,1,0,0,0,0,0,0,0,0,0,0,0,0,0,0,0,0,0,0
Payton Pritchard,1630202,0,0,1,1,0,0,0,1,0,0,0,0,0,1,1,1,0,1,1,0,0,1,1,1,0,1,0,0,0,0,0,0,1,0,0,1,1,0,0,0,0,0,1,32.35,0,0,0,0,0,0,0,1,0,0,0,0,1,0,0,0,1,0,0,0,0
Payton Sandfort,1642362,0,0,0,0,0,0,0,0,0,0,0,0,0,1,0,0,1,1,0,0,0,0,0,0,1,0,0,0,1,0,0,0,1,0,0,0,1,0,0,0,0,0,1,15.83,1,0,0,0,0,0,1,0,0,1,0,0,1,0,0,0,0,0,0,0,0
Pelle Larsson,1641796,0,0,0,1,0,0,0,0,0,0,0,0,0,0,0,1,0,0,0,0,0,1,1,1,0,0,0,1,0,0,0,1,0,0,0,1,0,1,0,0,0,0,1,26.42,1,0,0,0,0,0,0,0,0,0,1,0,1,1,0,0,0,0,0,0,0
Pete Nance,1631250,0,0,0,0,0,0,0,0,0,0,0,0,0,1,0,0,1,1,0,0,0,0,0,1,0,0,1,0,0,0,0,0,0,0,1,1,1,0,0,0,0,0,1,15.68,0,0,1,0,0,0,1,0,0,1,0,0,0,1,0,0,0,0,0,0,0
Peyton Watson,1631212,0,0,0,1,0,0,0,0,0,0,0,1,0,1,0,1,0,1,0,0,0,1,0,0,1,0,0,0,1,0,0,1,0,0,0,0,1,0,0,0,0,0,1,29.59,1,0,1,0,0,0,0,0,0,1,0,0,0,0,0,0,1,0,0,0,0
Precious Achiuwa,1630173,0,0,0,1,0,1,0,0,0,0,0,0,0,0,0,1,1,0,0,0,0,1,1,0,1,0,0,0,0,1,0,1,0,0,0,1,0,0,1,0,0,0,1,23.91,0,0,1,0,0,0,0,0,0,0,1,0,1,0,0,0,0,0,0,0,0
Quentin Grimes,1629656,0,0,0,1,0,0,0,0,0,0,0,0,0,1,0,1,0,0,1,0,0,1,1,1,0,1,0,0,0,0,0,1,0,0,0,1,1,0,0,0,0,0,1,29.41,1,0,0,0,0,0,0,0,0,0,1,0,0,0,0,0,0,0,0,0,0
Quenton Jackson,1631245,0,0,0,0,0,0,0,0,0,0,0,0,0,0,0,0,0,1,1,0,0,0,0,1,0,0,1,0,0,0,0,0,0,1,0,1,1,0,0,0,0,0,1,18.31,0,0,0,0,0,0,1,0,0,0,1,0,1,0,0,0,0,0,0,0,0
Quinten Post,1642366,0,0,0,0,0,0,0,0,0,0,0,0,0,1,0,0,0,0,0,0,0,1,0,0,1,0,0,0,0,1,0,0,0,1,0,1,0,1,0,0,0,0,1,17.3,0,0,1,1,0,0,0,0,0,0,0,0,0,0,0,0,0,0,0,0,0
RJ Barrett,1629628,0,0,1,1,0,1,0,0,0,0,0,0,0,1,1,1,0,0,0,0,0,1,0,1,0,1,0,0,0,0,0,1,0,0,0,1,0,0,0,1,0,0,1,30.28,1,0,0,0,0,0,0,0,0,0,1,0,1,0,0,0,0,0,0,0,0
Rasheer Fleming,1642853,0,0,0,0,0,0,0,0,0,0,0,0,0,0,0,0,0,0,0,0,0,1,0,0,1,0,0,0,0,1,0,0,0,1,0,0,1,0,0,0,0,0,1,12.24,1,0,1,0,0,0,0,0,0,0,1,0,1,0,0,0,0,0,0,0,0
RayJ Dennis,1642484,0,0,0,0,0,0,0,0,0,0,0,0,0,0,0,0,0,0,1,0,0,0,0,1,0,0,0,1,0,0,0,1,0,0,0,0,1,0,0,0,0,0,1,12.13,1,0,0,0,0,0,1,0,0,0,1,0,0,0,0,0,0,0,0,0,0
Rayan Rupert,1641712,0,0,0,0,0,0,0,0,0,0,0,0,0,0,0,0,0,0,0,0,0,1,0,0,1,0,0,0,0,0,1,0,0,1,0,1,0,1,0,0,0,0,1,16.76,1,0,0,0,0,0,0,0,0,0,0,0,0,0,0,0,0,0,0,0,0
Reed Sheppard,1642263,0,0,0,1,0,0,0,0,0,1,0,0,0,1,0,1,0,1,1,0,0,1,1,0,1,0,0,0,0,0,1,0,1,0,0,1,1,0,0,0,0,0,1,26.18,1,0,0,0,0,0,0,0,0,0,0,0,1,0,0,0,0,0,0,0,0
Riley Minix,1642434,0,0,0,0,0,0,0,0,0,0,0,0,0,0,0,0,1,0,1,0,0,0,0,1,0,0,1,0,0,0,0,0,1,0,0,0,1,0,0,0,0,0,1,6.45,1,0,0,0,0,0,1,0,0,0,1,0,0,0,0,0,0,0,0,0,0
Rob Dillingham,1642265,0,0,0,0,0,0,0,0,0,0,0,0,0,0,0,0,0,0,0,0,0,1,0,1,0,0,1,0,0,0,0,1,0,0,0,1,1,0,0,0,0,0,1,14.92,1,0,0,0,0,0,0,0,0,0,1,0,1,0,0,0,0,0,0,0,0
Robert Williams III,1629057,0,0,0,0,0,1,0,0,0,0,0,1,0,0,0,0,1,1,0,0,0,1,0,0,1,0,0,0,1,0,0,0,0,0,1,1,1,0,0,0,0,0,1,17.09,0,0,1,0,0,0,0,0,0,0,1,0,0,0,0,0,0,0,0,0,1
Rocco Zikarsky,1642911,0,0,0,0,0,0,0,0,0,0,0,1,0,0,0,0,1,0,1,0,0,0,0,0,1,0,0,0,1,0,0,0,0,0,1,0,0,0,0,0,1,0,1,7.3,1,0,1,1,0,0,0,0,0,0,0,0,1,1,0,0,0,0,0,0,0
Ron Harper Jr.,1631199,0,0,0,0,0,0,0,0,0,0,0,0,0,0,0,0,0,1,0,0,0,0,0,1,0,1,0,0,0,0,0,0,1,0,0,1,1,0,0,0,0,0,1,10.95,0,0,0,0,0,0,1,0,0,0,1,0,0,0,0,0,0,0,0,0,0
Ronald Holland II,1641842,0,0,0,0,0,0,0,0,0,1,0,0,0,0,0,0,0,0,1,0,0,1,1,1,0,0,1,0,0,0,0,1,0,0,0,1,1,0,0,0,0,0,1,19.88,1,0,1,0,0,0,0,0,0,0,1,0,0,0,0,0,0,0,0,0,0
Royce O'Neale,1626220,0,0,0,0,0,0,0,0,0,1,0,0,0,1,0,1,0,1,0,0,0,1,1,0,1,0,0,0,0,1,0,1,0,0,0,0,1,0,0,0,0,0,1,28.37,0,1,0,0,0,0,1,0,0,1,0,0,1,1,0,0,0,0,0,0,0
Rudy Gobert,203497,0,0,0,1,1,1,0,0,0,0,1,1,0,0,1,1,1,0,0,1,0,1,1,0,1,0,0,0,1,0,0,0,0,1,0,1,0,1,0,0,0,0,1,31.32,0,1,1,1,0,0,0,0,1,0,1,0,0,0,0,0,0,1,0,0,1
Rui Hachimura,1629060,0,0,0,1,0,0,0,0,0,0,0,0,0,1,0,1,1,1,0,0,0,1,0,0,1,0,0,0,0,1,0,0,0,1,0,0,0,0,0,0,0,0,1,28.33,0,0,1,0,0,0,0,0,0,1,1,0,1,1,0,0,0,0,0,0,0
Russell Westbrook,201566,0,0,1,1,0,1,0,1,0,1,0,0,0,1,0,1,0,0,0,0,1,1,0,0,1,0,0,0,0,1,0,0,1,0,0,0,1,0,0,0,0,0,1,28.95,0,1,0,0,0,0,0,1,0,0,0,0,1,0,0,0,0,1,0,0,0
Ryan Dunn,1642346,0,0,0,0,0,0,0,0,0,0,0,0,0,0,0,0,0,0,0,0,0,1,1,0,1,0,0,0,0,1,0,1,0,0,0,0,1,0,0,0,0,0,1,19.36,1,0,0,0,0,0,0,0,0,0,1,0,0,0,0,0,0,0,0,0,0
Ryan Kalkbrenner,1641750,0,0,0,0,0,1,0,0,0,0,0,1,0,0,0,1,1,0,0,0,0,1,0,1,0,0,0,1,0,0,0,0,1,0,0,1,1,0,0,0,0,0,1,21.44,1,0,1,1,0,0,0,0,0,0,1,0,1,0,0,0,0,0,0,0,0
Ryan Nembhard,1642948,0,0,0,0,0,0,0,1,0,0,0,0,0,0,0,0,0,1,1,0,0,1,0,0,1,0,0,0,0,0,1,1,0,0,0,1,0,0,0,1,0,0,1,19.51,1,0,0,0,0,0,1,1,0,0,0,0,1,0,0,0,0,0,0,0,0
Ryan Rollins,1631157,0,0,1,1,0,0,0,1,0,1,0,0,0,1,1,1,0,1,0,0,0,1,1,1,0,0,1,0,0,0,0,0,1,0,0,1,1,0,0,0,0,0,1,32.1,1,0,0,0,0,0,0,1,0,1,0,0,1,0,0,0,0,0,0,0,0
Saddiq Bey,1630180,0,0,1,1,0,1,0,0,0,0,0,0,0,1,1,1,0,1,1,0,0,1,1,0,1,0,0,0,0,0,1,0,0,0,1,1,1,0,0,0,0,0,1,31.19,0,0,1,0,0,0,0,0,0,0,1,0,0,0,0,0,0,0,0,0,0
Sam Hauser,1630573,0,0,0,0,0,0,0,0,0,0,0,0,0,1,0,1,0,1,1,0,0,1,1,1,0,1,0,0,0,0,0,0,0,0,1,0,1,0,0,0,0,0,1,24.8,0,0,0,0,0,0,1,0,0,0,1,0,0,0,0,0,1,0,0,0,0
Sam Merrill,1630241,0,0,0,1,0,0,0,0,0,0,0,0,1,1,0,1,0,1,1,0,0,1,0,1,0,0,1,0,0,0,0,1,0,0,0,1,1,0,0,0,0,0,1,26.48,0,0,0,0,0,0,0,0,0,1,1,0,1,0,0,0,1,0,0,0,0
Sandro Mamukelashvili,1630572,0,0,0,1,0,0,0,0,0,0,0,0,0,1,0,1,1,1,0,0,0,1,1,1,0,1,0,0,0,0,0,0,0,0,1,0,0,1,0,0,0,0,1,21.88,0,0,1,0,0,0,0,0,0,0,1,0,1,1,0,0,0,0,0,0,0
Santi Aldama,1630583,0,0,0,1,0,1,0,0,0,0,0,0,0,1,0,1,0,1,0,0,0,0,0,0,1,0,0,0,0,0,1,1,0,0,0,1,0,1,0,0,0,0,1,27.86,1,0,1,1,0,0,0,0,0,0,1,0,0,1,0,0,0,0,0,0,0
Scoot Henderson,1630703,0,0,0,1,0,0,0,0,0,0,0,0,0,1,0,1,0,1,1,0,0,0,0,0,1,0,0,0,1,0,0,1,0,0,0,0,1,0,0,0,0,0,1,24.93,1,0,0,0,0,0,0,0,0,0,1,0,1,0,0,0,0,0,0,0,0
Scottie Barnes,1630567,0,0,1,1,0,1,0,1,0,1,0,1,0,0,1,1,1,0,1,0,0,1,1,1,0,1,0,0,0,0,0,1,0,0,0,0,1,0,0,0,0,0,1,33.51,1,0,1,0,0,0,0,1,0,0,1,0,0,1,0,0,0,0,0,0,0
Scotty Pippen Jr.,1630590,0,0,0,1,0,0,0,1,1,1,0,0,0,1,0,1,0,0,0,0,0,0,0,0,1,0,0,0,0,0,1,1,0,0,0,1,1,0,0,0,0,0,1,21.19,1,0,0,0,0,0,1,0,0,0,1,0,0,0,0,0,0,0,0,0,0
Sean Pedulla,1642951,0,0,0,0,0,0,0,0,0,0,0,0,0,0,0,0,0,0,0,0,0,0,0,0,1,0,0,0,0,1,0,0,0,0,0,0,1,0,0,0,0,0,1,4.43,1,0,0,0,0,0,1,0,0,0,0,0,1,0,0,0,0,0,0,0,0
Seth Curry,203552,0,0,0,0,0,0,0,0,0,0,0,0,0,1,0,0,0,1,1,0,0,0,0,0,1,0,0,0,0,1,0,0,0,0,1,1,1,0,0,0,0,0,1,13.3,0,1,0,0,0,0,1,0,0,1,1,0,0,0,0,0,0,0,0,0,0
Shaedon Sharpe,1631101,0,1,1,1,0,0,0,0,0,1,0,0,0,1,0,1,0,0,0,0,0,1,0,0,1,0,0,0,1,0,0,0,1,0,0,1,0,0,0,1,0,0,1,29.43,1,0,0,0,0,0,0,0,0,0,0,0,0,0,0,0,0,0,0,0,0
Shai Gilgeous-Alexander,1628983,1,1,1,1,0,0,0,1,0,1,0,0,0,1,1,1,1,1,1,0,0,1,0,0,1,0,0,0,1,0,0,1,0,0,0,0,0,0,0,1,0,0,1,33.22,0,0,0,0,0,0,0,1,0,0,1,0,1,1,0,0,1,1,0,0,0
Sharife Cooper,1630536,0,0,0,0,0,0,0,0,0,0,0,0,0,0,0,0,1,1,1,0,0,0,0,1,0,0,0,1,0,0,0,0,1,0,0,1,1,0,0,0,0,0,1,17.07,1,0,0,0,0,0,0,0,0,0,1,0,0,1,0,0,0,0,0,0,0
Sidy Cissoko,1631321,0,0,0,0,0,0,0,0,0,0,0,0,0,0,0,0,0,0,0,0,0,1,1,0,1,0,0,0,1,0,0,0,0,0,1,1,0,1,0,0,0,0,1,19.13,1,0,0,0,0,0,0,0,0,0,1,0,1,0,0,0,0,0,0,0,0
Simone Fontecchio,1631323,0,0,0,0,0,0,0,0,0,0,0,0,0,1,0,0,0,1,1,0,0,1,1,1,0,0,0,1,0,0,0,1,0,0,0,0,0,1,0,0,0,0,1,16.75,0,1,0,0,0,0,1,0,0,0,1,0,1,1,0,0,0,0,0,0,0
Sion James,1642883,0,0,0,0,0,0,0,0,0,0,0,0,0,1,0,1,0,1,1,0,0,1,1,1,0,0,0,1,0,0,0,1,0,0,0,0,1,0,0,0,0,0,1,22.48,1,0,0,0,0,0,0,0,0,0,1,0,0,0,0,0,0,0,0,0,0
Skal Labissiere,1627746,0,0,0,0,0,0,0,0,0,0,0,0,0,0,0,0,1,0,0,0,0,0,0,1,0,0,0,1,0,0,0,0,0,0,0,0,0,0,0,0,0,0,1,12.52,0,1,1,0,0,0,0,0,0,0,1,0,1,0,0,0,0,0,0,0,0
Spencer Jones,1642461,0,0,0,0,0,0,0,0,0,0,0,0,0,0,0,1,1,1,0,0,0,1,0,0,1,0,0,0,1,0,0,0,0,1,0,1,1,0,0,0,0,0,1,22.14,1,0,0,0,0,0,1,0,0,0,1,0,0,0,0,0,0,0,0,0,0
Stanley Umude,1630649,0,0,0,0,0,0,0,0,0,0,0,0,0,0,0,0,1,0,0,0,0,0,0,0,1,0,0,0,0,0,1,0,0,0,0,0,1,0,0,0,0,0,1,3.28,0,0,0,0,0,0,1,0,0,0,0,0,0,0,0,0,0,0,0,0,0
Stephen Curry,201939,1,1,1,1,0,0,0,1,0,1,0,0,1,1,1,1,0,1,1,0,0,0,0,0,1,0,0,0,0,1,0,0,0,0,1,0,1,0,0,0,0,0,1,30.9,0,1,0,0,0,0,0,0,0,0,1,0,0,0,0,0,1,1,0,0,0
Stephon Castle,1642264,0,0,1,1,0,1,1,1,0,1,0,0,0,1,0,1,0,0,0,0,1,1,0,0,1,0,0,0,0,0,1,1,0,0,0,1,1,0,0,0,0,0,1,29.97,1,0,0,0,0,0,0,1,0,0,1,0,0,0,0,0,0,0,0,0,0
Steven Adams,203500,0,0,0,0,0,1,0,0,0,0,0,0,0,0,0,1,1,0,0,1,0,0,0,0,1,0,0,0,0,0,1,0,1,0,0,0,0,0,0,0,1,0,1,22.82,0,1,1,0,0,0,0,0,1,0,1,0,0,0,0,0,0,0,0,0,0
Svi Mykhailiuk,1629004,0,0,0,0,0,0,0,0,0,0,0,0,0,1,0,1,0,1,1,0,0,1,0,0,1,0,0,0,1,0,0,0,1,0,0,0,0,1,0,0,0,0,1,23.11,0,0,0,0,0,0,0,0,0,1,1,0,1,1,0,0,1,0,0,0,0
T.J. McConnell,204456,0,0,0,0,0,0,0,1,0,1,0,0,0,0,0,0,1,0,1,0,0,1,0,1,0,0,1,0,0,0,0,1,0,0,0,1,1,0,0,0,0,0,1,17.19,0,1,0,0,0,0,0,1,0,0,1,0,1,0,0,0,0,0,0,0,0
Taelon Peter,1643007,0,0,0,0,0,0,0,0,0,0,0,0,0,1,0,0,0,0,0,0,0,0,0,1,0,0,1,0,0,0,0,1,0,0,0,0,1,0,0,0,0,0,1,12.95,1,0,0,0,0,0,0,0,0,0,0,0,0,0,0,0,0,0,0,0,0
Taj Gibson,201959,0,0,0,0,0,0,0,0,0,0,0,0,0,0,0,0,0,1,1,0,0,0,0,0,1,0,0,0,0,0,1,0,0,0,1,1,1,0,0,0,0,0,1,9.69,0,1,1,0,0,0,0,0,0,1,1,0,0,0,0,0,0,0,0,0,0
Tari Eason,1631106,0,0,0,1,0,1,0,0,0,1,0,0,0,1,0,1,0,1,0,0,0,1,0,0,1,0,0,0,0,0,1,0,1,0,0,1,1,0,0,0,0,0,1,25.82,1,0,1,0,0,0,0,0,0,0,1,0,0,1,0,0,0,0,0,0,0
Taurean Prince,1627752,0,0,0,0,0,0,0,0,0,0,0,0,0,1,0,1,0,1,1,0,0,0,0,1,0,0,1,0,0,0,0,0,1,0,0,0,1,0,0,0,0,0,1,23.51,0,1,0,0,0,0,0,0,0,1,0,0,0,0,0,0,0,0,0,0,0
Taylor Hendricks,1641707,0,0,0,0,0,0,0,0,0,0,0,0,0,1,0,0,0,0,0,0,0,1,0,0,1,0,0,0,0,0,1,0,0,1,0,0,1,0,0,0,0,0,1,18.96,1,0,1,0,0,0,0,0,0,0,1,0,1,0,0,0,0,0,0,0,0
Terance Mann,1629611,0,0,0,0,0,0,0,0,0,0,0,0,0,0,0,1,0,1,0,0,0,1,0,1,0,1,0,0,0,0,0,0,1,0,0,0,1,0,0,0,0,0,1,24.27,0,0,0,0,0,0,0,0,0,0,1,0,0,1,0,0,0,0,0,0,0
Terrence Shannon Jr.,1630545,0,0,0,0,0,0,0,0,0,0,0,0,0,0,0,0,0,1,1,0,0,0,0,0,1,0,0,0,1,0,0,1,0,0,0,1,1,0,0,0,0,0,1,12.5,1,0,0,0,0,0,0,0,0,1,1,0,0,1,0,0,0,0,0,0,0
Thanasis Antetokounmpo,203648,0,0,0,0,0,0,0,0,0,0,0,0,0,0,0,0,0,0,0,0,0,0,0,1,0,0,1,0,0,0,0,0,0,0,1,1,0,1,0,0,0,0,1,4.35,0,1,0,0,0,0,0,0,0,0,1,0,1,0,0,0,1,0,0,0,0
Thomas Bryant,1628418,0,0,0,0,0,0,0,0,0,0,0,0,0,0,0,0,1,1,1,0,0,1,0,1,0,0,1,0,0,0,0,1,0,0,0,1,1,0,0,0,0,0,1,12.2,0,0,1,0,0,0,0,0,0,0,1,0,0,0,0,0,1,0,0,0,0
Tidjane Salaün,1642275,0,0,0,0,0,0,0,0,0,0,0,0,0,0,0,0,1,1,0,0,0,0,0,1,0,0,0,1,0,0,0,0,0,0,1,1,0,1,0,0,0,0,1,15.55,1,0,1,0,0,0,0,0,0,1,0,0,0,1,0,0,0,0,0,0,0
Tim Hardaway Jr.,203501,0,0,0,1,0,0,0,0,0,0,0,0,0,1,0,1,0,1,1,0,0,1,1,0,1,0,0,0,1,0,0,0,1,0,0,0,1,0,0,0,0,0,1,26.59,0,1,0,0,0,0,0,0,0,1,1,0,0,0,0,0,0,0,0,0,0
Tobias Harris,202699,0,0,0,1,0,1,0,0,0,0,0,0,0,1,0,1,0,1,1,0,0,1,0,1,0,0,1,0,0,0,0,0,1,0,0,0,1,0,0,0,0,0,1,27.71,0,1,1,0,0,0,0,0,0,0,1,0,0,0,0,0,0,0,0,0,0
Toby Okani,1643253,0,0,0,1,0,0,0,0,0,0,0,0,0,1,1,1,0,0,0,0,0,0,0,0,1,0,0,0,0,0,1,0,0,0,0,0,1,0,0,0,0,0,1,36.18,1,0,1,0,0,0,1,0,0,0,0,0,0,0,0,0,0,0,0,0,0
Tolu Smith,1642449,0,0,0,0,0,0,0,0,0,0,0,0,0,0,0,0,1,0,0,0,0,0,0,1,0,0,1,0,0,0,0,0,0,0,1,1,1,0,0,0,0,0,1,9.16,1,0,1,0,0,0,1,0,0,0,0,0,0,1,0,0,0,0,0,0,0
Tony Bradley,1628396,0,0,0,0,0,0,0,0,0,0,0,0,0,0,0,0,1,1,0,0,0,0,0,1,0,0,0,1,0,0,0,0,1,0,0,1,1,0,0,0,0,0,1,10.99,0,0,1,0,0,0,0,0,0,1,1,0,1,0,0,0,0,0,0,0,0
Tosan Evbuomwan,1641787,0,0,0,0,0,0,0,0,0,0,0,0,0,0,0,0,0,0,0,0,0,0,0,1,0,0,0,1,0,0,0,0,0,1,0,0,0,0,0,0,0,0,1,1.54,1,0,1,0,0,0,1,0,0,0,1,0,1,0,0,0,0,0,0,0,0
Toumani Camara,1641739,0,0,0,1,0,1,0,0,0,1,0,0,0,1,1,1,0,1,0,0,0,1,1,0,1,0,0,0,1,0,0,0,0,0,1,1,0,1,0,0,0,0,1,33.31,1,0,0,0,0,0,0,0,0,0,1,0,0,1,0,0,0,0,0,0,1
Trae Young,1629027,0,0,1,1,0,0,1,1,0,0,0,0,0,1,0,1,0,0,1,0,0,0,0,1,0,0,0,1,0,0,0,1,0,0,0,1,1,0,0,0,0,0,1,25.58,0,0,0,0,0,0,0,1,0,0,0,0,0,1,0,0,0,1,0,0,0
Trayce Jackson-Davis,1631218,0,0,0,0,0,0,0,0,0,0,0,0,0,0,0,0,1,1,0,0,0,1,0,1,0,1,0,0,0,0,0,0,0,0,1,0,1,0,0,0,0,0,1,9.36,0,0,1,0,0,0,0,0,0,1,1,0,1,1,0,0,0,0,0,0,0
Tre Johnson,1642848,0,0,0,1,0,0,0,0,0,0,0,0,0,1,0,1,0,1,1,0,0,1,0,1,0,0,0,1,0,0,0,0,1,0,0,0,1,0,0,0,0,0,1,24.05,1,0,0,0,0,0,0,0,0,0,1,0,1,1,0,0,0,0,0,0,0
Tre Jones,1630200,0,0,0,1,0,0,0,1,0,1,0,0,0,0,0,1,1,0,1,0,0,1,0,1,0,0,1,0,0,0,0,0,0,0,1,0,1,0,0,0,0,0,1,26.96,0,0,0,0,0,0,0,1,0,0,1,0,0,1,0,0,0,0,0,0,0
Tre Mann,1630544,0,0,0,0,0,0,0,0,0,0,0,0,0,0,0,0,0,0,1,0,0,1,0,1,0,0,0,1,0,0,0,0,0,1,0,1,1,0,0,0,0,0,1,12.61,1,0,0,0,0,0,0,0,0,0,1,0,0,1,0,0,0,0,0,0,0
Trendon Watford,1630570,0,0,0,0,0,0,0,0,0,0,0,0,0,0,0,0,1,0,0,0,0,1,0,1,0,1,0,0,0,0,0,0,1,0,0,0,1,0,0,0,0,0,1,16.3,1,0,1,0,0,0,1,0,0,0,0,0,1,0,0,0,0,0,0,0,0
Trentyn Flowers,1642280,0,0,0,0,0,0,0,0,0,0,0,0,0,0,0,0,1,0,0,0,0,0,0,1,0,0,1,0,0,0,0,0,0,0,0,0,1,0,0,0,0,0,1,2.77,1,0,1,0,0,0,1,0,0,0,1,0,1,0,0,0,0,0,0,0,0
Trevon Scott,1630286,0,0,0,0,0,1,0,0,0,1,0,0,0,1,1,1,0,0,0,0,0,0,0,1,0,1,0,0,0,0,0,0,0,0,0,0,1,0,0,0,0,0,1,30.37,0,0,1,0,0,0,1,0,0,0,0,0,0,0,0,0,0,0,0,0,0
Trevor Keels,1631211,0,0,0,0,0,0,0,0,0,0,0,0,0,0,0,0,0,0,0,0,0,0,0,1,0,0,0,1,0,0,0,1,0,0,0,1,1,0,0,0,0,0,1,1.87,1,0,0,0,0,0,0,0,0,0,1,0,0,0,0,0,0,0,0,0,0
Trey Alexander,1641725,0,0,0,0,0,0,0,0,0,0,0,0,0,0,0,0,1,1,0,0,0,0,0,0,1,0,0,0,0,0,1,0,0,1,0,1,1,0,0,0,0,0,1,12.29,1,0,0,0,0,0,1,0,0,1,1,0,1,0,0,0,0,0,0,0,0
Trey Jemison III,1641998,0,0,0,0,0,0,0,0,0,0,0,0,0,0,0,0,1,0,1,0,0,0,0,1,0,1,0,0,0,0,0,0,0,0,1,0,1,0,0,0,0,0,1,6.28,0,0,1,0,0,0,1,0,0,0,1,0,0,0,0,0,0,0,0,0,0
Trey Murphy III,1630530,0,1,1,1,0,1,0,0,1,1,0,0,1,1,1,1,0,1,1,0,0,1,0,0,1,0,0,0,0,0,1,0,0,1,0,1,1,0,0,0,0,0,1,35.46,1,0,1,0,0,0,0,0,0,0,1,0,0,0,0,0,0,0,0,0,0
Tristan Enaruna,1642400,0,0,0,0,0,0,0,0,0,0,0,0,0,0,0,0,1,0,0,0,0,0,0,1,0,0,1,0,0,0,0,0,0,1,0,1,0,1,0,0,0,0,1,9.46,1,0,0,0,0,0,1,0,0,0,1,0,1,0,0,0,0,0,0,0,0
Tristan Vukcevic,1641774,0,0,0,0,0,0,0,0,0,0,0,0,0,1,0,0,0,0,0,0,0,0,0,1,0,0,0,1,0,0,0,1,0,0,0,0,0,1,0,0,0,0,1,13.69,1,0,1,1,0,0,0,0,0,0,0,0,1,0,0,0,0,0,0,0,0
Tristan da Silva,1641783,0,0,0,0,0,0,0,0,0,0,0,0,0,1,0,1,0,1,1,0,0,1,1,1,0,0,0,1,0,0,0,0,0,1,0,1,0,1,0,0,0,0,1,24.67,1,0,1,0,0,0,0,0,0,0,0,0,0,0,0,0,0,0,0,0,0
Tristen Newton,1641803,0,0,0,1,0,0,0,0,0,1,0,0,0,1,0,0,0,1,0,0,0,0,0,0,1,0,0,0,0,0,1,0,1,0,0,1,1,0,0,0,0,0,1,12.0,1,0,0,0,0,0,0,0,0,1,0,0,0,0,0,0,0,0,0,0,0
Ty Jerome,1629660,0,0,1,1,0,0,0,1,0,1,0,0,0,1,0,1,0,1,1,0,0,0,0,0,1,0,0,0,0,0,1,1,0,0,0,0,1,0,0,0,0,0,1,22.58,0,0,0,0,0,0,0,1,0,1,1,0,0,0,0,0,0,0,0,0,0
TyTy Washington Jr.,1631102,0,0,0,0,0,0,0,0,0,0,0,0,0,0,0,0,0,1,0,0,0,0,0,0,1,0,0,0,0,1,0,0,1,0,0,0,1,0,0,0,0,0,1,5.51,1,0,0,0,0,0,0,0,0,0,1,0,0,0,0,0,0,0,0,0,0
Tyler Burton,1631174,0,0,0,1,0,0,0,0,0,0,0,0,0,1,0,1,0,0,1,0,0,0,0,0,1,0,0,0,0,0,1,0,0,0,0,0,1,0,0,0,0,0,1,25.56,0,0,0,0,0,0,1,0,0,0,1,0,0,0,0,0,0,0,0,0,0
Tyler Herro,1629639,0,1,1,1,0,0,0,1,0,0,0,0,0,1,1,1,0,1,1,0,0,0,0,1,0,0,0,1,0,0,0,0,1,0,0,0,1,0,0,0,0,0,1,31.29,0,0,0,0,0,0,0,0,0,0,1,0,0,0,0,0,0,0,0,0,0
Tyler Kolek,1642278,0,0,0,0,0,0,0,0,0,0,0,0,0,0,0,0,0,1,0,0,0,1,0,1,0,1,0,0,0,0,0,0,1,0,0,1,1,0,0,0,0,0,1,11.73,1,0,0,0,0,0,0,0,0,0,1,0,0,0,0,0,0,0,0,0,0
Tyler Smith,1641890,0,0,0,0,0,0,0,0,0,0,0,0,0,0,0,0,0,0,0,0,0,0,0,0,1,0,0,0,0,0,1,0,0,1,0,1,1,0,0,0,0,0,1,13.8,1,0,1,0,0,0,0,0,0,0,0,0,0,0,0,0,0,0,0,0,0
Tyrese Martin,1631213,0,0,0,0,0,0,0,0,0,0,0,0,0,1,0,0,0,0,0,0,0,0,0,1,0,1,0,0,0,0,0,0,0,1,0,1,1,0,0,0,0,0,1,16.88,0,0,0,0,0,0,0,0,0,0,1,0,0,1,0,0,0,0,0,0,0
Tyrese Maxey,1630178,1,1,1,1,0,0,0,1,1,1,0,0,1,1,1,1,0,1,1,0,0,1,1,1,0,1,0,0,0,0,0,1,0,0,0,0,1,0,0,0,0,0,1,38.02,1,0,0,0,0,0,0,1,0,0,1,0,0,1,0,0,0,0,0,0,0
Tyrese Proctor,1642878,0,0,0,0,0,0,0,0,0,0,0,0,0,0,0,0,0,1,1,0,0,1,0,1,0,0,1,0,0,0,0,0,0,1,0,0,0,0,0,0,1,0,1,10.9,1,0,0,0,0,0,0,0,0,0,0,0,1,1,0,0,0,0,0,0,0
Tyson Etienne,1630623,0,0,0,0,0,0,0,0,0,0,0,0,0,1,0,0,0,1,1,0,0,0,0,1,0,1,0,0,0,0,0,0,1,0,0,0,1,0,0,0,0,0,1,15.83,0,0,0,0,0,0,1,0,0,0,1,0,1,0,0,0,0,0,0,0,0
Tyus Jones,1626145,0,0,0,0,0,0,0,0,0,0,0,0,0,0,0,0,0,0,0,0,0,1,0,0,1,0,0,0,1,0,0,1,0,0,0,1,1,0,0,0,0,0,1,14.61,0,0,0,0,0,0,0,0,0,0,1,0,0,0,0,0,0,0,0,0,0
VJ Edgecombe,1642845,0,0,1,1,0,1,0,1,0,1,0,0,0,1,1,1,0,1,1,0,0,1,1,1,0,1,0,0,0,0,0,0,0,0,1,1,1,0,0,0,0,0,1,34.98,1,0,0,0,0,0,0,0,0,0,1,0,1,0,0,0,0,0,0,0,0
Victor Wembanyama,1641705,1,1,1,1,1,1,0,0,0,1,1,1,0,1,0,1,1,0,1,0,0,1,0,0,1,0,0,0,0,0,1,1,0,0,0,1,0,1,0,0,0,0,1,29.15,1,0,1,1,0,0,0,0,1,0,0,0,1,0,0,0,0,0,0,0,1
Vince Williams Jr.,1631246,0,0,0,0,0,0,0,1,0,0,0,0,0,1,0,1,0,0,0,0,0,0,0,0,1,0,0,0,1,0,0,0,0,0,0,0,1,0,0,0,0,0,1,20.48,1,0,0,0,0,0,0,0,0,0,1,0,0,1,0,0,0,0,0,0,0
Vladislav Goldin,1642884,0,0,0,0,0,0,0,0,0,0,0,0,0,0,0,0,1,0,1,0,0,0,0,1,0,0,0,1,0,0,0,0,0,0,1,0,0,1,0,0,0,0,1,2.66,1,0,1,1,0,0,1,0,0,0,1,0,0,0,0,0,0,0,0,0,0
Vít Krejčí,1630249,0,0,0,0,0,0,0,0,0,0,0,0,0,1,0,1,0,1,0,0,0,1,0,0,1,0,0,0,1,0,0,0,0,1,0,1,0,1,0,0,0,0,1,21.42,1,0,1,0,0,0,0,0,0,0,1,0,0,0,0,0,0,0,0,0,0
Walker Kessler,1631117,0,0,0,1,1,1,0,0,0,1,1,1,0,1,1,1,1,1,0,1,1,0,0,0,1,0,0,0,1,0,0,0,0,1,0,0,1,0,0,0,0,0,1,30.8,1,0,1,1,0,0,0,0,1,1,1,0,1,0,0,0,0,0,0,0,0
Walter Clayton Jr.,1642383,0,0,0,0,0,0,0,1,0,0,0,0,0,1,0,1,0,0,1,0,0,1,0,0,1,0,0,0,0,0,1,1,0,0,0,0,1,0,0,0,0,0,1,20.44,1,0,0,0,0,0,0,0,0,0,1,0,0,0,0,0,0,0,0,0,0
Wendell Carter Jr.,1628976,0,0,0,1,0,1,0,0,0,0,0,0,0,0,0,1,1,0,0,0,0,1,1,1,0,0,0,1,0,0,0,0,0,0,1,0,1,0,0,0,0,0,1,29.34,0,0,1,0,0,0,0,0,0,0,1,0,0,0,0,0,0,0,0,0,0
Wendell Moore Jr.,1631111,0,0,0,0,0,0,0,0,0,0,0,0,0,0,0,0,1,0,1,0,0,0,0,1,0,0,1,0,0,0,0,0,1,0,0,0,1,0,0,0,0,0,1,9.93,1,0,0,0,0,0,0,0,0,0,1,0,0,0,0,0,0,0,0,0,0
Will Richard,1642954,0,0,0,0,0,0,0,0,0,1,0,0,0,1,0,0,0,0,1,0,0,1,0,0,1,0,0,0,0,1,0,1,0,0,0,1,1,0,0,0,0,0,1,19.95,1,0,0,0,0,0,0,0,0,0,0,0,1,0,0,0,0,0,0,0,0
Will Riley,1642860,0,0,0,1,0,0,0,0,0,0,0,0,0,1,0,1,0,0,1,0,0,1,1,1,0,0,0,1,0,0,0,0,0,1,0,1,1,0,0,0,0,0,1,22.06,1,0,1,0,0,0,0,0,0,0,0,0,0,0,0,0,0,0,0,0,0
Xavier Tillman,1630214,0,0,0,0,0,0,0,0,0,0,0,0,0,0,0,0,0,0,0,0,0,0,0,1,0,0,0,1,0,0,0,0,0,1,0,0,1,0,0,0,0,0,1,6.13,0,0,1,0,0,0,0,0,0,0,0,0,1,0,0,0,1,0,0,0,0
Yang Hansen,1642905,0,0,0,0,0,0,0,0,0,0,0,0,0,0,0,0,0,0,1,0,0,0,0,0,1,0,0,0,1,0,0,0,1,0,0,0,0,0,0,0,0,0,1,6.97,1,0,1,1,0,0,0,0,0,0,1,0,0,0,0,0,0,0,0,0,0
Yanic Konan Niederhäuser,1642949,0,0,0,0,0,0,0,0,0,0,0,0,0,0,0,0,1,0,0,0,0,0,0,0,1,0,0,0,0,1,0,0,1,0,0,0,0,1,0,0,0,0,1,10.33,1,0,1,0,0,0,0,0,0,0,0,0,1,0,0,0,0,0,0,0,0
Yuki Kawamura,1642530,0,0,0,0,0,0,0,0,0,0,0,0,0,0,0,0,0,0,1,0,0,0,0,1,0,0,1,0,0,0,0,1,0,0,0,0,0,0,0,0,0,0,1,11.61,1,0,0,0,0,0,1,0,0,0,1,0,1,1,0,0,0,0,0,0,0
Yves Missi,1642274,0,0,0,0,0,1,0,0,0,0,1,1,0,0,0,0,1,0,0,0,0,1,0,0,1,0,0,0,0,0,1,0,0,1,0,1,0,0,1,0,0,0,1,19.65,1,0,1,0,0,0,0,0,0,0,1,0,0,0,0,0,0,0,0,0,0
Zaccharie Risacher,1642258,0,0,0,0,0,0,0,0,0,0,0,0,0,1,0,1,0,1,0,0,0,1,0,1,0,0,0,1,0,0,0,0,1,0,0,0,0,1,0,0,0,0,1,22.44,1,0,1,0,0,0,0,0,0,0,0,0,1,1,0,0,0,0,0,0,0
Zach Collins,1628380,0,0,0,0,0,1,0,0,0,0,0,0,0,0,0,0,1,1,0,0,0,0,0,1,0,0,1,0,0,0,0,0,1,0,0,0,1,0,0,0,0,0,1,18.37,0,0,1,0,0,0,0,0,0,1,1,0,1,0,0,0,0,0,0,0,0
Zach Edey,1641744,0,0,0,1,1,1,0,0,0,0,1,1,0,0,0,1,1,0,0,1,0,0,0,0,1,0,0,0,0,0,1,0,1,0,0,0,0,0,0,1,0,0,1,25.8,1,0,1,1,0,0,0,0,1,0,1,0,0,0,0,0,0,0,0,0,0
Zach LaVine,203897,0,0,1,1,0,0,0,0,0,0,0,0,0,1,1,1,0,1,1,0,0,0,0,0,1,0,0,0,0,1,0,1,0,0,0,0,1,0,0,0,0,0,1,31.39,0,1,0,0,0,0,0,0,0,0,1,0,0,0,0,0,0,0,0,0,0
Zeke Nnaji,1630192,0,0,0,0,0,0,0,0,0,0,0,0,0,0,0,0,0,0,0,0,0,1,0,0,1,0,0,0,1,0,0,0,0,1,0,0,1,0,0,0,0,0,1,12.04,1,0,1,0,0,0,0,0,0,0,0,0,0,1,0,0,1,0,0,0,0
Ziaire Williams,1630533,0,0,0,1,0,0,0,0,0,1,0,0,0,1,0,1,0,0,1,0,0,1,0,1,0,1,0,0,0,0,0,1,0,0,0,1,1,0,0,0,0,0,1,22.88,1,0,1,0,0,0,0,0,0,0,0,0,1,1,0,0,0,0,0,0,0
Zion Williamson,1629627,0,1,1,1,0,1,0,0,0,0,0,0,0,0,0,1,1,0,0,0,0,1,0,0,1,0,0,0,0,0,1,1,0,0,0,1,1,0,0,0,0,0,1,29.69,1,0,0,0,0,0,0,0,0,0,0,0,1,0,0,0,0,0,0,0,0
Zyon Pullin,1642389,0,0,0,0,0,0,0,0,0,0,0,0,0,0,0,0,1,0,1,0,0,0,0,0,1,0,0,0,1,0,0,0,1,0,0,1,1,0,0,0,0,0,1,8.52,1,0,0,0,0,0,1,0,0,0,0,0,0,0,0,0,0,0,0,0,0
